Economy ISO3,Indicator,2019
AGO,GCI 4.0: 1st pillar: Institutions,37.62
AGO,GCI 4.0: 2nd pillar: Infrastructure,40.2
AGO,GCI 4.0: 3rd pillar: ICT adoption,30.55
AGO,GCI 4.0: 4th pillar: Macroeconomic stability,40.61
AGO,GCI 4.0: 5th pillar: Health,46.9
AGO,GCI 4.0: 6th pillar: Skills,29.08
AGO,GCI 4.0: 7th pillar: Product market,37.71
AGO,GCI 4.0: 8th pillar: Labor market,46.83
AGO,GCI 4.0: 9th pillar: Financial system,38.42
AGO,GCI 4.0: 10th pillar: Market size,53.88
AGO,GCI 4.0: 11th pillar: Business dynamism,36.75
AGO,GCI 4.0: 12th pillar: Innovation capability,18.82
ALB,GCI 4.0: 1st pillar: Institutions,51.87
ALB,GCI 4.0: 2nd pillar: Infrastructure,57.69
ALB,GCI 4.0: 3rd pillar: ICT adoption,52.88
ALB,GCI 4.0: 4th pillar: Macroeconomic stability,70.0
ALB,GCI 4.0: 5th pillar: Health,85.89
ALB,GCI 4.0: 6th pillar: Skills,68.97
ALB,GCI 4.0: 7th pillar: Product market,54.36
ALB,GCI 4.0: 8th pillar: Labor market,65.26
ALB,GCI 4.0: 9th pillar: Financial system,53.29
ALB,GCI 4.0: 10th pillar: Market size,39.58
ALB,GCI 4.0: 11th pillar: Business dynamism,61.8
ALB,GCI 4.0: 12th pillar: Innovation capability,29.76
ARE,GCI 4.0: 1st pillar: Institutions,73.26
ARE,GCI 4.0: 2nd pillar: Infrastructure,88.49
ARE,GCI 4.0: 3rd pillar: ICT adoption,91.87
ARE,GCI 4.0: 4th pillar: Macroeconomic stability,100.0
ARE,GCI 4.0: 5th pillar: Health,72.18
ARE,GCI 4.0: 6th pillar: Skills,70.61
ARE,GCI 4.0: 7th pillar: Product market,71.74
ARE,GCI 4.0: 8th pillar: Labor market,66.16
ARE,GCI 4.0: 9th pillar: Financial system,73.84
ARE,GCI 4.0: 10th pillar: Market size,70.34
ARE,GCI 4.0: 11th pillar: Business dynamism,69.27
ARE,GCI 4.0: 12th pillar: Innovation capability,52.34
ARG,GCI 4.0: 1st pillar: Institutions,49.85
ARG,GCI 4.0: 2nd pillar: Infrastructure,68.29
ARG,GCI 4.0: 3rd pillar: ICT adoption,57.99
ARG,GCI 4.0: 4th pillar: Macroeconomic stability,33.92
ARG,GCI 4.0: 5th pillar: Health,83.8
ARG,GCI 4.0: 6th pillar: Skills,72.25
ARG,GCI 4.0: 7th pillar: Product market,46.96
ARG,GCI 4.0: 8th pillar: Labor market,51.84
ARG,GCI 4.0: 9th pillar: Financial system,52.85
ARG,GCI 4.0: 10th pillar: Market size,68.6
ARG,GCI 4.0: 11th pillar: Business dynamism,58.3
ARG,GCI 4.0: 12th pillar: Innovation capability,41.75
ARM,GCI 4.0: 1st pillar: Institutions,56.25
ARM,GCI 4.0: 2nd pillar: Infrastructure,69.41
ARM,GCI 4.0: 3rd pillar: ICT adoption,62.02
ARM,GCI 4.0: 4th pillar: Macroeconomic stability,75.0
ARM,GCI 4.0: 5th pillar: Health,80.72
ARM,GCI 4.0: 6th pillar: Skills,66.78
ARM,GCI 4.0: 7th pillar: Product market,59.1
ARM,GCI 4.0: 8th pillar: Labor market,66.43
ARM,GCI 4.0: 9th pillar: Financial system,60.16
ARM,GCI 4.0: 10th pillar: Market size,37.52
ARM,GCI 4.0: 11th pillar: Business dynamism,62.55
ARM,GCI 4.0: 12th pillar: Innovation capability,39.39
AUS,GCI 4.0: 1st pillar: Institutions,72.94
AUS,GCI 4.0: 2nd pillar: Infrastructure,79.16
AUS,GCI 4.0: 3rd pillar: ICT adoption,73.62
AUS,GCI 4.0: 4th pillar: Macroeconomic stability,100.0
AUS,GCI 4.0: 5th pillar: Health,94.91
AUS,GCI 4.0: 6th pillar: Skills,80.56
AUS,GCI 4.0: 7th pillar: Product market,71.39
AUS,GCI 4.0: 8th pillar: Labor market,69.07
AUS,GCI 4.0: 9th pillar: Financial system,85.89
AUS,GCI 4.0: 10th pillar: Market size,72.62
AUS,GCI 4.0: 11th pillar: Business dynamism,75.29
AUS,GCI 4.0: 12th pillar: Innovation capability,69.53
AUT,GCI 4.0: 1st pillar: Institutions,73.54
AUT,GCI 4.0: 2nd pillar: Infrastructure,89.03
AUT,GCI 4.0: 3rd pillar: ICT adoption,65.63
AUT,GCI 4.0: 4th pillar: Macroeconomic stability,100.0
AUT,GCI 4.0: 5th pillar: Health,95.12
AUT,GCI 4.0: 6th pillar: Skills,79.35
AUT,GCI 4.0: 7th pillar: Product market,66.07
AUT,GCI 4.0: 8th pillar: Labor market,67.16
AUT,GCI 4.0: 9th pillar: Financial system,74.96
AUT,GCI 4.0: 10th pillar: Market size,64.63
AUT,GCI 4.0: 11th pillar: Business dynamism,69.35
AUT,GCI 4.0: 12th pillar: Innovation capability,74.47
AZE,GCI 4.0: 1st pillar: Institutions,58.47
AZE,GCI 4.0: 2nd pillar: Infrastructure,77.36
AZE,GCI 4.0: 3rd pillar: ICT adoption,55.07
AZE,GCI 4.0: 4th pillar: Macroeconomic stability,70.04
AZE,GCI 4.0: 5th pillar: Health,68.9
AZE,GCI 4.0: 6th pillar: Skills,69.76
AZE,GCI 4.0: 7th pillar: Product market,64.31
AZE,GCI 4.0: 8th pillar: Labor market,69.44
AZE,GCI 4.0: 9th pillar: Financial system,55.39
AZE,GCI 4.0: 10th pillar: Market size,54.02
AZE,GCI 4.0: 11th pillar: Business dynamism,71.52
AZE,GCI 4.0: 12th pillar: Innovation capability,38.33
BDI,GCI 4.0: 1st pillar: Institutions,40.73
BDI,GCI 4.0: 2nd pillar: Infrastructure,39.17
BDI,GCI 4.0: 3rd pillar: ICT adoption,14.84
BDI,GCI 4.0: 4th pillar: Macroeconomic stability,61.86
BDI,GCI 4.0: 5th pillar: Health,43.12
BDI,GCI 4.0: 6th pillar: Skills,36.57
BDI,GCI 4.0: 7th pillar: Product market,47.88
BDI,GCI 4.0: 8th pillar: Labor market,50.71
BDI,GCI 4.0: 9th pillar: Financial system,47.54
BDI,GCI 4.0: 10th pillar: Market size,22.48
BDI,GCI 4.0: 11th pillar: Business dynamism,53.7
BDI,GCI 4.0: 12th pillar: Innovation capability,24.42
BEL,GCI 4.0: 1st pillar: Institutions,69.46
BEL,GCI 4.0: 2nd pillar: Infrastructure,87.26
BEL,GCI 4.0: 3rd pillar: ICT adoption,67.02
BEL,GCI 4.0: 4th pillar: Macroeconomic stability,100.0
BEL,GCI 4.0: 5th pillar: Health,92.58
BEL,GCI 4.0: 6th pillar: Skills,79.28
BEL,GCI 4.0: 7th pillar: Product market,62.56
BEL,GCI 4.0: 8th pillar: Labor market,63.78
BEL,GCI 4.0: 9th pillar: Financial system,79.48
BEL,GCI 4.0: 10th pillar: Market size,69.28
BEL,GCI 4.0: 11th pillar: Business dynamism,74.44
BEL,GCI 4.0: 12th pillar: Innovation capability,71.42
BEN,GCI 4.0: 1st pillar: Institutions,48.04
BEN,GCI 4.0: 2nd pillar: Infrastructure,40.17
BEN,GCI 4.0: 3rd pillar: ICT adoption,23.35
BEN,GCI 4.0: 4th pillar: Macroeconomic stability,75.0
BEN,GCI 4.0: 5th pillar: Health,49.5
BEN,GCI 4.0: 6th pillar: Skills,43.27
BEN,GCI 4.0: 7th pillar: Product market,54.57
BEN,GCI 4.0: 8th pillar: Labor market,53.72
BEN,GCI 4.0: 9th pillar: Financial system,44.47
BEN,GCI 4.0: 10th pillar: Market size,35.65
BEN,GCI 4.0: 11th pillar: Business dynamism,53.75
BEN,GCI 4.0: 12th pillar: Innovation capability,28.4
BFA,GCI 4.0: 1st pillar: Institutions,48.53
BFA,GCI 4.0: 2nd pillar: Infrastructure,34.82
BFA,GCI 4.0: 3rd pillar: ICT adoption,26.8
BFA,GCI 4.0: 4th pillar: Macroeconomic stability,75.0
BFA,GCI 4.0: 5th pillar: Health,41.97
BFA,GCI 4.0: 6th pillar: Skills,31.53
BFA,GCI 4.0: 7th pillar: Product market,50.31
BFA,GCI 4.0: 8th pillar: Labor market,52.36
BFA,GCI 4.0: 9th pillar: Financial system,46.19
BFA,GCI 4.0: 10th pillar: Market size,38.87
BFA,GCI 4.0: 11th pillar: Business dynamism,49.87
BFA,GCI 4.0: 12th pillar: Innovation capability,24.81
BGD,GCI 4.0: 1st pillar: Institutions,45.94
BGD,GCI 4.0: 2nd pillar: Infrastructure,51.14
BGD,GCI 4.0: 3rd pillar: ICT adoption,39.14
BGD,GCI 4.0: 4th pillar: Macroeconomic stability,72.78
BGD,GCI 4.0: 5th pillar: Health,72.07
BGD,GCI 4.0: 6th pillar: Skills,46.09
BGD,GCI 4.0: 7th pillar: Product market,47.03
BGD,GCI 4.0: 8th pillar: Labor market,51.22
BGD,GCI 4.0: 9th pillar: Financial system,52.11
BGD,GCI 4.0: 10th pillar: Market size,67.41
BGD,GCI 4.0: 11th pillar: Business dynamism,49.89
BGD,GCI 4.0: 12th pillar: Innovation capability,30.67
BGR,GCI 4.0: 1st pillar: Institutions,56.8
BGR,GCI 4.0: 2nd pillar: Infrastructure,71.33
BGR,GCI 4.0: 3rd pillar: ICT adoption,73.39
BGR,GCI 4.0: 4th pillar: Macroeconomic stability,90.0
BGR,GCI 4.0: 5th pillar: Health,77.73
BGR,GCI 4.0: 6th pillar: Skills,67.94
BGR,GCI 4.0: 7th pillar: Product market,55.69
BGR,GCI 4.0: 8th pillar: Labor market,64.59
BGR,GCI 4.0: 9th pillar: Financial system,59.59
BGR,GCI 4.0: 10th pillar: Market size,54.88
BGR,GCI 4.0: 11th pillar: Business dynamism,61.86
BGR,GCI 4.0: 12th pillar: Innovation capability,44.95
BHR,GCI 4.0: 1st pillar: Institutions,62.9
BHR,GCI 4.0: 2nd pillar: Infrastructure,78.39
BHR,GCI 4.0: 3rd pillar: ICT adoption,67.19
BHR,GCI 4.0: 4th pillar: Macroeconomic stability,68.3
BHR,GCI 4.0: 5th pillar: Health,86.9
BHR,GCI 4.0: 6th pillar: Skills,68.71
BHR,GCI 4.0: 7th pillar: Product market,65.11
BHR,GCI 4.0: 8th pillar: Labor market,66.43
BHR,GCI 4.0: 9th pillar: Financial system,71.33
BHR,GCI 4.0: 10th pillar: Market size,46.26
BHR,GCI 4.0: 11th pillar: Business dynamism,64.31
BHR,GCI 4.0: 12th pillar: Innovation capability,38.72
BIH,GCI 4.0: 1st pillar: Institutions,44.38
BIH,GCI 4.0: 2nd pillar: Infrastructure,63.02
BIH,GCI 4.0: 3rd pillar: ICT adoption,51.61
BIH,GCI 4.0: 4th pillar: Macroeconomic stability,75.0
BIH,GCI 4.0: 5th pillar: Health,80.33
BIH,GCI 4.0: 6th pillar: Skills,59.96
BIH,GCI 4.0: 7th pillar: Product market,49.61
BIH,GCI 4.0: 8th pillar: Labor market,53.25
BIH,GCI 4.0: 9th pillar: Financial system,57.86
BIH,GCI 4.0: 10th pillar: Market size,42.29
BIH,GCI 4.0: 11th pillar: Business dynamism,51.1
BIH,GCI 4.0: 12th pillar: Innovation capability,28.35
BOL,GCI 4.0: 1st pillar: Institutions,38.46
BOL,GCI 4.0: 2nd pillar: Infrastructure,57.14
BOL,GCI 4.0: 3rd pillar: ICT adoption,51.45
BOL,GCI 4.0: 4th pillar: Macroeconomic stability,74.2
BOL,GCI 4.0: 5th pillar: Health,73.73
BOL,GCI 4.0: 6th pillar: Skills,57.88
BOL,GCI 4.0: 7th pillar: Product market,44.47
BOL,GCI 4.0: 8th pillar: Labor market,46.08
BOL,GCI 4.0: 9th pillar: Financial system,58.01
BOL,GCI 4.0: 10th pillar: Market size,45.9
BOL,GCI 4.0: 11th pillar: Business dynamism,46.6
BOL,GCI 4.0: 12th pillar: Innovation capability,27.68
BRA,GCI 4.0: 1st pillar: Institutions,48.05
BRA,GCI 4.0: 2nd pillar: Infrastructure,65.45
BRA,GCI 4.0: 3rd pillar: ICT adoption,58.06
BRA,GCI 4.0: 4th pillar: Macroeconomic stability,69.38
BRA,GCI 4.0: 5th pillar: Health,79.38
BRA,GCI 4.0: 6th pillar: Skills,56.43
BRA,GCI 4.0: 7th pillar: Product market,45.88
BRA,GCI 4.0: 8th pillar: Labor market,53.46
BRA,GCI 4.0: 9th pillar: Financial system,64.62
BRA,GCI 4.0: 10th pillar: Market size,81.31
BRA,GCI 4.0: 11th pillar: Business dynamism,60.22
BRA,GCI 4.0: 12th pillar: Innovation capability,48.91
BRB,GCI 4.0: 1st pillar: Institutions,55.18
BRB,GCI 4.0: 2nd pillar: Infrastructure,57.73
BRB,GCI 4.0: 3rd pillar: ICT adoption,76.42
BRB,GCI 4.0: 4th pillar: Macroeconomic stability,69.97
BRB,GCI 4.0: 5th pillar: Health,87.15
BRB,GCI 4.0: 6th pillar: Skills,64.99
BRB,GCI 4.0: 7th pillar: Product market,43.75
BRB,GCI 4.0: 8th pillar: Labor market,61.96
BRB,GCI 4.0: 9th pillar: Financial system,71.34
BRB,GCI 4.0: 10th pillar: Market size,18.91
BRB,GCI 4.0: 11th pillar: Business dynamism,60.39
BRB,GCI 4.0: 12th pillar: Innovation capability,39.06
BRN,GCI 4.0: 1st pillar: Institutions,58.28
BRN,GCI 4.0: 2nd pillar: Infrastructure,70.07
BRN,GCI 4.0: 3rd pillar: ICT adoption,75.38
BRN,GCI 4.0: 4th pillar: Macroeconomic stability,74.25
BRN,GCI 4.0: 5th pillar: Health,81.78
BRN,GCI 4.0: 6th pillar: Skills,67.03
BRN,GCI 4.0: 7th pillar: Product market,60.42
BRN,GCI 4.0: 8th pillar: Labor market,66.97
BRN,GCI 4.0: 9th pillar: Financial system,55.12
BRN,GCI 4.0: 10th pillar: Market size,38.16
BRN,GCI 4.0: 11th pillar: Business dynamism,61.84
BRN,GCI 4.0: 12th pillar: Innovation capability,43.81
BWA,GCI 4.0: 1st pillar: Institutions,54.24
BWA,GCI 4.0: 2nd pillar: Infrastructure,53.7
BWA,GCI 4.0: 3rd pillar: ICT adoption,45.5
BWA,GCI 4.0: 4th pillar: Macroeconomic stability,100.0
BWA,GCI 4.0: 5th pillar: Health,59.04
BWA,GCI 4.0: 6th pillar: Skills,56.83
BWA,GCI 4.0: 7th pillar: Product market,52.17
BWA,GCI 4.0: 8th pillar: Labor market,60.24
BWA,GCI 4.0: 9th pillar: Financial system,59.72
BWA,GCI 4.0: 10th pillar: Market size,39.23
BWA,GCI 4.0: 11th pillar: Business dynamism,53.84
BWA,GCI 4.0: 12th pillar: Innovation capability,31.44
CAN,GCI 4.0: 1st pillar: Institutions,74.08
CAN,GCI 4.0: 2nd pillar: Infrastructure,80.78
CAN,GCI 4.0: 3rd pillar: ICT adoption,70.29
CAN,GCI 4.0: 4th pillar: Macroeconomic stability,100.0
CAN,GCI 4.0: 5th pillar: Health,95.35
CAN,GCI 4.0: 6th pillar: Skills,81.06
CAN,GCI 4.0: 7th pillar: Product market,63.8
CAN,GCI 4.0: 8th pillar: Labor market,75.18
CAN,GCI 4.0: 9th pillar: Financial system,87.11
CAN,GCI 4.0: 10th pillar: Market size,76.9
CAN,GCI 4.0: 11th pillar: Business dynamism,76.51
CAN,GCI 4.0: 12th pillar: Innovation capability,74.05
CHE,GCI 4.0: 1st pillar: Institutions,77.51
CHE,GCI 4.0: 2nd pillar: Infrastructure,93.16
CHE,GCI 4.0: 3rd pillar: ICT adoption,78.58
CHE,GCI 4.0: 4th pillar: Macroeconomic stability,100.0
CHE,GCI 4.0: 5th pillar: Health,99.94
CHE,GCI 4.0: 6th pillar: Skills,86.72
CHE,GCI 4.0: 7th pillar: Product market,63.8
CHE,GCI 4.0: 8th pillar: Labor market,79.48
CHE,GCI 4.0: 9th pillar: Financial system,89.72
CHE,GCI 4.0: 10th pillar: Market size,66.23
CHE,GCI 4.0: 11th pillar: Business dynamism,71.55
CHE,GCI 4.0: 12th pillar: Innovation capability,81.2
CHL,GCI 4.0: 1st pillar: Institutions,63.89
CHL,GCI 4.0: 2nd pillar: Infrastructure,76.29
CHL,GCI 4.0: 3rd pillar: ICT adoption,63.13
CHL,GCI 4.0: 4th pillar: Macroeconomic stability,100.0
CHL,GCI 4.0: 5th pillar: Health,89.65
CHL,GCI 4.0: 6th pillar: Skills,69.81
CHL,GCI 4.0: 7th pillar: Product market,67.97
CHL,GCI 4.0: 8th pillar: Labor market,62.8
CHL,GCI 4.0: 9th pillar: Financial system,81.98
CHL,GCI 4.0: 10th pillar: Market size,63.18
CHL,GCI 4.0: 11th pillar: Business dynamism,65.26
CHL,GCI 4.0: 12th pillar: Innovation capability,42.48
CHN,GCI 4.0: 1st pillar: Institutions,56.78
CHN,GCI 4.0: 2nd pillar: Infrastructure,77.91
CHN,GCI 4.0: 3rd pillar: ICT adoption,78.49
CHN,GCI 4.0: 4th pillar: Macroeconomic stability,98.78
CHN,GCI 4.0: 5th pillar: Health,87.79
CHN,GCI 4.0: 6th pillar: Skills,64.1
CHN,GCI 4.0: 7th pillar: Product market,57.56
CHN,GCI 4.0: 8th pillar: Labor market,59.24
CHN,GCI 4.0: 9th pillar: Financial system,74.96
CHN,GCI 4.0: 10th pillar: Market size,100.0
CHN,GCI 4.0: 11th pillar: Business dynamism,66.39
CHN,GCI 4.0: 12th pillar: Innovation capability,64.82
CIV,GCI 4.0: 1st pillar: Institutions,42.36
CIV,GCI 4.0: 2nd pillar: Infrastructure,47.88
CIV,GCI 4.0: 3rd pillar: ICT adoption,41.28
CIV,GCI 4.0: 4th pillar: Macroeconomic stability,75.0
CIV,GCI 4.0: 5th pillar: Health,44.23
CIV,GCI 4.0: 6th pillar: Skills,40.59
CIV,GCI 4.0: 7th pillar: Product market,51.75
CIV,GCI 4.0: 8th pillar: Labor market,52.84
CIV,GCI 4.0: 9th pillar: Financial system,45.14
CIV,GCI 4.0: 10th pillar: Market size,48.38
CIV,GCI 4.0: 11th pillar: Business dynamism,57.57
CIV,GCI 4.0: 12th pillar: Innovation capability,30.73
CMR,GCI 4.0: 1st pillar: Institutions,43.73
CMR,GCI 4.0: 2nd pillar: Infrastructure,40.08
CMR,GCI 4.0: 3rd pillar: ICT adoption,24.8
CMR,GCI 4.0: 4th pillar: Macroeconomic stability,74.91
CMR,GCI 4.0: 5th pillar: Health,45.28
CMR,GCI 4.0: 6th pillar: Skills,47.75
CMR,GCI 4.0: 7th pillar: Product market,48.51
CMR,GCI 4.0: 8th pillar: Labor market,52.07
CMR,GCI 4.0: 9th pillar: Financial system,45.37
CMR,GCI 4.0: 10th pillar: Market size,46.5
CMR,GCI 4.0: 11th pillar: Business dynamism,52.43
CMR,GCI 4.0: 12th pillar: Innovation capability,30.79
COD,GCI 4.0: 1st pillar: Institutions,32.78
COD,GCI 4.0: 2nd pillar: Infrastructure,29.23
COD,GCI 4.0: 3rd pillar: ICT adoption,19.11
COD,GCI 4.0: 4th pillar: Macroeconomic stability,31.39
COD,GCI 4.0: 5th pillar: Health,41.6
COD,GCI 4.0: 6th pillar: Skills,42.3
COD,GCI 4.0: 7th pillar: Product market,44.73
COD,GCI 4.0: 8th pillar: Labor market,48.3
COD,GCI 4.0: 9th pillar: Financial system,42.53
COD,GCI 4.0: 10th pillar: Market size,43.27
COD,GCI 4.0: 11th pillar: Business dynamism,40.47
COD,GCI 4.0: 12th pillar: Innovation capability,17.97
COL,GCI 4.0: 1st pillar: Institutions,49.25
COL,GCI 4.0: 2nd pillar: Infrastructure,64.31
COL,GCI 4.0: 3rd pillar: ICT adoption,49.89
COL,GCI 4.0: 4th pillar: Macroeconomic stability,90.0
COL,GCI 4.0: 5th pillar: Health,94.99
COL,GCI 4.0: 6th pillar: Skills,60.48
COL,GCI 4.0: 7th pillar: Product market,52.7
COL,GCI 4.0: 8th pillar: Labor market,59.16
COL,GCI 4.0: 9th pillar: Financial system,64.63
COL,GCI 4.0: 10th pillar: Market size,66.72
COL,GCI 4.0: 11th pillar: Business dynamism,64.2
COL,GCI 4.0: 12th pillar: Innovation capability,36.44
CPV,GCI 4.0: 1st pillar: Institutions,51.24
CPV,GCI 4.0: 2nd pillar: Infrastructure,53.69
CPV,GCI 4.0: 3rd pillar: ICT adoption,44.72
CPV,GCI 4.0: 4th pillar: Macroeconomic stability,70.0
CPV,GCI 4.0: 5th pillar: Health,80.8
CPV,GCI 4.0: 6th pillar: Skills,53.18
CPV,GCI 4.0: 7th pillar: Product market,50.15
CPV,GCI 4.0: 8th pillar: Labor market,61.42
CPV,GCI 4.0: 9th pillar: Financial system,58.51
CPV,GCI 4.0: 10th pillar: Market size,17.51
CPV,GCI 4.0: 11th pillar: Business dynamism,43.95
CPV,GCI 4.0: 12th pillar: Innovation capability,24.82
CRI,GCI 4.0: 1st pillar: Institutions,57.13
CRI,GCI 4.0: 2nd pillar: Infrastructure,68.74
CRI,GCI 4.0: 3rd pillar: ICT adoption,59.97
CRI,GCI 4.0: 4th pillar: Macroeconomic stability,74.35
CRI,GCI 4.0: 5th pillar: Health,93.23
CRI,GCI 4.0: 6th pillar: Skills,68.95
CRI,GCI 4.0: 7th pillar: Product market,59.38
CRI,GCI 4.0: 8th pillar: Labor market,59.09
CRI,GCI 4.0: 9th pillar: Financial system,60.06
CRI,GCI 4.0: 10th pillar: Market size,46.54
CRI,GCI 4.0: 11th pillar: Business dynamism,56.33
CRI,GCI 4.0: 12th pillar: Innovation capability,40.3
CYP,GCI 4.0: 1st pillar: Institutions,63.99
CYP,GCI 4.0: 2nd pillar: Infrastructure,74.91
CYP,GCI 4.0: 3rd pillar: ICT adoption,62.04
CYP,GCI 4.0: 4th pillar: Macroeconomic stability,90.0
CYP,GCI 4.0: 5th pillar: Health,95.87
CYP,GCI 4.0: 6th pillar: Skills,72.18
CYP,GCI 4.0: 7th pillar: Product market,61.1
CYP,GCI 4.0: 8th pillar: Labor market,66.14
CYP,GCI 4.0: 9th pillar: Financial system,58.17
CYP,GCI 4.0: 10th pillar: Market size,39.68
CYP,GCI 4.0: 11th pillar: Business dynamism,66.23
CYP,GCI 4.0: 12th pillar: Innovation capability,46.31
CZE,GCI 4.0: 1st pillar: Institutions,60.89
CZE,GCI 4.0: 2nd pillar: Infrastructure,83.81
CZE,GCI 4.0: 3rd pillar: ICT adoption,68.38
CZE,GCI 4.0: 4th pillar: Macroeconomic stability,100.0
CZE,GCI 4.0: 5th pillar: Health,85.64
CZE,GCI 4.0: 6th pillar: Skills,72.88
CZE,GCI 4.0: 7th pillar: Product market,57.34
CZE,GCI 4.0: 8th pillar: Labor market,63.3
CZE,GCI 4.0: 9th pillar: Financial system,67.57
CZE,GCI 4.0: 10th pillar: Market size,64.84
CZE,GCI 4.0: 11th pillar: Business dynamism,68.66
CZE,GCI 4.0: 12th pillar: Innovation capability,56.92
DEU,GCI 4.0: 1st pillar: Institutions,72.39
DEU,GCI 4.0: 2nd pillar: Infrastructure,90.21
DEU,GCI 4.0: 3rd pillar: ICT adoption,69.98
DEU,GCI 4.0: 4th pillar: Macroeconomic stability,100.0
DEU,GCI 4.0: 5th pillar: Health,92.33
DEU,GCI 4.0: 6th pillar: Skills,84.18
DEU,GCI 4.0: 7th pillar: Product market,68.2
DEU,GCI 4.0: 8th pillar: Labor market,72.76
DEU,GCI 4.0: 9th pillar: Financial system,79.11
DEU,GCI 4.0: 10th pillar: Market size,86.04
DEU,GCI 4.0: 11th pillar: Business dynamism,79.53
DEU,GCI 4.0: 12th pillar: Innovation capability,86.83
DNK,GCI 4.0: 1st pillar: Institutions,77.4
DNK,GCI 4.0: 2nd pillar: Infrastructure,87.09
DNK,GCI 4.0: 3rd pillar: ICT adoption,83.3
DNK,GCI 4.0: 4th pillar: Macroeconomic stability,100.0
DNK,GCI 4.0: 5th pillar: Health,92.59
DNK,GCI 4.0: 6th pillar: Skills,85.69
DNK,GCI 4.0: 7th pillar: Product market,66.91
DNK,GCI 4.0: 8th pillar: Labor market,78.24
DNK,GCI 4.0: 9th pillar: Financial system,86.81
DNK,GCI 4.0: 10th pillar: Market size,59.87
DNK,GCI 4.0: 11th pillar: Business dynamism,79.99
DNK,GCI 4.0: 12th pillar: Innovation capability,76.21
DOM,GCI 4.0: 1st pillar: Institutions,50.06
DOM,GCI 4.0: 2nd pillar: Infrastructure,64.92
DOM,GCI 4.0: 3rd pillar: ICT adoption,51.79
DOM,GCI 4.0: 4th pillar: Macroeconomic stability,74.93
DOM,GCI 4.0: 5th pillar: Health,75.71
DOM,GCI 4.0: 6th pillar: Skills,58.68
DOM,GCI 4.0: 7th pillar: Product market,53.7
DOM,GCI 4.0: 8th pillar: Labor market,62.88
DOM,GCI 4.0: 9th pillar: Financial system,61.55
DOM,GCI 4.0: 10th pillar: Market size,53.79
DOM,GCI 4.0: 11th pillar: Business dynamism,57.1
DOM,GCI 4.0: 12th pillar: Innovation capability,34.62
DZA,GCI 4.0: 1st pillar: Institutions,45.53
DZA,GCI 4.0: 2nd pillar: Infrastructure,63.79
DZA,GCI 4.0: 3rd pillar: ICT adoption,52.72
DZA,GCI 4.0: 4th pillar: Macroeconomic stability,71.2
DZA,GCI 4.0: 5th pillar: Health,82.76
DZA,GCI 4.0: 6th pillar: Skills,59.07
DZA,GCI 4.0: 7th pillar: Product market,45.79
DZA,GCI 4.0: 8th pillar: Labor market,47.1
DZA,GCI 4.0: 9th pillar: Financial system,50.05
DZA,GCI 4.0: 10th pillar: Market size,66.47
DZA,GCI 4.0: 11th pillar: Business dynamism,56.2
DZA,GCI 4.0: 12th pillar: Innovation capability,34.38
ECU,GCI 4.0: 1st pillar: Institutions,47.78
ECU,GCI 4.0: 2nd pillar: Infrastructure,69.13
ECU,GCI 4.0: 3rd pillar: ICT adoption,47.62
ECU,GCI 4.0: 4th pillar: Macroeconomic stability,73.67
ECU,GCI 4.0: 5th pillar: Health,85.04
ECU,GCI 4.0: 6th pillar: Skills,61.39
ECU,GCI 4.0: 7th pillar: Product market,43.32
ECU,GCI 4.0: 8th pillar: Labor market,51.84
ECU,GCI 4.0: 9th pillar: Financial system,56.34
ECU,GCI 4.0: 10th pillar: Market size,53.97
ECU,GCI 4.0: 11th pillar: Business dynamism,45.72
ECU,GCI 4.0: 12th pillar: Innovation capability,33.01
EGY,GCI 4.0: 1st pillar: Institutions,51.33
EGY,GCI 4.0: 2nd pillar: Infrastructure,73.05
EGY,GCI 4.0: 3rd pillar: ICT adoption,40.57
EGY,GCI 4.0: 4th pillar: Macroeconomic stability,44.72
EGY,GCI 4.0: 5th pillar: Health,65.02
EGY,GCI 4.0: 6th pillar: Skills,54.2
EGY,GCI 4.0: 7th pillar: Product market,50.74
EGY,GCI 4.0: 8th pillar: Labor market,49.5
EGY,GCI 4.0: 9th pillar: Financial system,56.11
EGY,GCI 4.0: 10th pillar: Market size,73.57
EGY,GCI 4.0: 11th pillar: Business dynamism,56.08
EGY,GCI 4.0: 12th pillar: Innovation capability,39.62
ESP,GCI 4.0: 1st pillar: Institutions,65.07
ESP,GCI 4.0: 2nd pillar: Infrastructure,90.31
ESP,GCI 4.0: 3rd pillar: ICT adoption,78.21
ESP,GCI 4.0: 4th pillar: Macroeconomic stability,90.0
ESP,GCI 4.0: 5th pillar: Health,100.0
ESP,GCI 4.0: 6th pillar: Skills,71.56
ESP,GCI 4.0: 7th pillar: Product market,61.0
ESP,GCI 4.0: 8th pillar: Labor market,61.09
ESP,GCI 4.0: 9th pillar: Financial system,77.5
ESP,GCI 4.0: 10th pillar: Market size,76.99
ESP,GCI 4.0: 11th pillar: Business dynamism,67.31
ESP,GCI 4.0: 12th pillar: Innovation capability,64.32
EST,GCI 4.0: 1st pillar: Institutions,70.23
EST,GCI 4.0: 2nd pillar: Infrastructure,75.77
EST,GCI 4.0: 3rd pillar: ICT adoption,78.77
EST,GCI 4.0: 4th pillar: Macroeconomic stability,100.0
EST,GCI 4.0: 5th pillar: Health,84.46
EST,GCI 4.0: 6th pillar: Skills,79.36
EST,GCI 4.0: 7th pillar: Product market,61.97
EST,GCI 4.0: 8th pillar: Labor market,70.23
EST,GCI 4.0: 9th pillar: Financial system,65.21
EST,GCI 4.0: 10th pillar: Market size,42.83
EST,GCI 4.0: 11th pillar: Business dynamism,69.94
EST,GCI 4.0: 12th pillar: Innovation capability,52.1
ETH,GCI 4.0: 1st pillar: Institutions,41.75
ETH,GCI 4.0: 2nd pillar: Infrastructure,43.4
ETH,GCI 4.0: 3rd pillar: ICT adoption,20.12
ETH,GCI 4.0: 4th pillar: Macroeconomic stability,63.54
ETH,GCI 4.0: 5th pillar: Health,61.04
ETH,GCI 4.0: 6th pillar: Skills,32.46
ETH,GCI 4.0: 7th pillar: Product market,40.82
ETH,GCI 4.0: 8th pillar: Labor market,49.99
ETH,GCI 4.0: 9th pillar: Financial system,50.61
ETH,GCI 4.0: 10th pillar: Market size,55.15
ETH,GCI 4.0: 11th pillar: Business dynamism,45.28
ETH,GCI 4.0: 12th pillar: Innovation capability,28.33
FIN,GCI 4.0: 1st pillar: Institutions,81.22
FIN,GCI 4.0: 2nd pillar: Infrastructure,83.4
FIN,GCI 4.0: 3rd pillar: ICT adoption,80.39
FIN,GCI 4.0: 4th pillar: Macroeconomic stability,100.0
FIN,GCI 4.0: 5th pillar: Health,93.05
FIN,GCI 4.0: 6th pillar: Skills,85.7
FIN,GCI 4.0: 7th pillar: Product market,66.31
FIN,GCI 4.0: 8th pillar: Labor market,71.52
FIN,GCI 4.0: 9th pillar: Financial system,89.65
FIN,GCI 4.0: 10th pillar: Market size,57.76
FIN,GCI 4.0: 11th pillar: Business dynamism,78.15
FIN,GCI 4.0: 12th pillar: Innovation capability,75.81
FRA,GCI 4.0: 1st pillar: Institutions,70.04
FRA,GCI 4.0: 2nd pillar: Infrastructure,89.74
FRA,GCI 4.0: 3rd pillar: ICT adoption,73.66
FRA,GCI 4.0: 4th pillar: Macroeconomic stability,99.85
FRA,GCI 4.0: 5th pillar: Health,99.21
FRA,GCI 4.0: 6th pillar: Skills,71.94
FRA,GCI 4.0: 7th pillar: Product market,62.23
FRA,GCI 4.0: 8th pillar: Labor market,62.93
FRA,GCI 4.0: 9th pillar: Financial system,85.87
FRA,GCI 4.0: 10th pillar: Market size,81.65
FRA,GCI 4.0: 11th pillar: Business dynamism,71.38
FRA,GCI 4.0: 12th pillar: Innovation capability,77.18
GAB,GCI 4.0: 1st pillar: Institutions,40.85
GAB,GCI 4.0: 2nd pillar: Infrastructure,46.16
GAB,GCI 4.0: 3rd pillar: ICT adoption,50.78
GAB,GCI 4.0: 4th pillar: Macroeconomic stability,74.93
GAB,GCI 4.0: 5th pillar: Health,58.55
GAB,GCI 4.0: 6th pillar: Skills,51.06
GAB,GCI 4.0: 7th pillar: Product market,41.47
GAB,GCI 4.0: 8th pillar: Labor market,49.17
GAB,GCI 4.0: 9th pillar: Financial system,43.46
GAB,GCI 4.0: 10th pillar: Market size,37.79
GAB,GCI 4.0: 11th pillar: Business dynamism,46.35
GAB,GCI 4.0: 12th pillar: Innovation capability,28.96
GBR,GCI 4.0: 1st pillar: Institutions,74.42
GBR,GCI 4.0: 2nd pillar: Infrastructure,88.89
GBR,GCI 4.0: 3rd pillar: ICT adoption,72.99
GBR,GCI 4.0: 4th pillar: Macroeconomic stability,100.0
GBR,GCI 4.0: 5th pillar: Health,91.57
GBR,GCI 4.0: 6th pillar: Skills,81.91
GBR,GCI 4.0: 7th pillar: Product market,64.61
GBR,GCI 4.0: 8th pillar: Labor market,74.98
GBR,GCI 4.0: 9th pillar: Financial system,88.14
GBR,GCI 4.0: 10th pillar: Market size,81.78
GBR,GCI 4.0: 11th pillar: Business dynamism,77.0
GBR,GCI 4.0: 12th pillar: Innovation capability,78.15
GEO,GCI 4.0: 1st pillar: Institutions,60.98
GEO,GCI 4.0: 2nd pillar: Infrastructure,67.59
GEO,GCI 4.0: 3rd pillar: ICT adoption,63.73
GEO,GCI 4.0: 4th pillar: Macroeconomic stability,74.42
GEO,GCI 4.0: 5th pillar: Health,74.38
GEO,GCI 4.0: 6th pillar: Skills,69.85
GEO,GCI 4.0: 7th pillar: Product market,58.41
GEO,GCI 4.0: 8th pillar: Labor market,65.34
GEO,GCI 4.0: 9th pillar: Financial system,56.17
GEO,GCI 4.0: 10th pillar: Market size,41.6
GEO,GCI 4.0: 11th pillar: Business dynamism,62.19
GEO,GCI 4.0: 12th pillar: Innovation capability,32.68
GHA,GCI 4.0: 1st pillar: Institutions,54.39
GHA,GCI 4.0: 2nd pillar: Infrastructure,46.64
GHA,GCI 4.0: 3rd pillar: ICT adoption,49.09
GHA,GCI 4.0: 4th pillar: Macroeconomic stability,59.52
GHA,GCI 4.0: 5th pillar: Health,53.25
GHA,GCI 4.0: 6th pillar: Skills,52.17
GHA,GCI 4.0: 7th pillar: Product market,53.21
GHA,GCI 4.0: 8th pillar: Labor market,56.03
GHA,GCI 4.0: 9th pillar: Financial system,48.82
GHA,GCI 4.0: 10th pillar: Market size,54.24
GHA,GCI 4.0: 11th pillar: Business dynamism,54.13
GHA,GCI 4.0: 12th pillar: Innovation capability,32.86
GIN,GCI 4.0: 1st pillar: Institutions,46.07
GIN,GCI 4.0: 2nd pillar: Infrastructure,41.68
GIN,GCI 4.0: 3rd pillar: ICT adoption,28.66
GIN,GCI 4.0: 4th pillar: Macroeconomic stability,65.82
GIN,GCI 4.0: 5th pillar: Health,39.9
GIN,GCI 4.0: 6th pillar: Skills,36.95
GIN,GCI 4.0: 7th pillar: Product market,54.63
GIN,GCI 4.0: 8th pillar: Labor market,56.96
GIN,GCI 4.0: 9th pillar: Financial system,53.5
GIN,GCI 4.0: 10th pillar: Market size,36.35
GIN,GCI 4.0: 11th pillar: Business dynamism,58.17
GIN,GCI 4.0: 12th pillar: Innovation capability,34.93
GMB,GCI 4.0: 1st pillar: Institutions,48.53
GMB,GCI 4.0: 2nd pillar: Infrastructure,47.36
GMB,GCI 4.0: 3rd pillar: ICT adoption,31.42
GMB,GCI 4.0: 4th pillar: Macroeconomic stability,65.44
GMB,GCI 4.0: 5th pillar: Health,52.25
GMB,GCI 4.0: 6th pillar: Skills,45.03
GMB,GCI 4.0: 7th pillar: Product market,54.24
GMB,GCI 4.0: 8th pillar: Labor market,55.03
GMB,GCI 4.0: 9th pillar: Financial system,49.66
GMB,GCI 4.0: 10th pillar: Market size,20.58
GMB,GCI 4.0: 11th pillar: Business dynamism,51.04
GMB,GCI 4.0: 12th pillar: Innovation capability,30.48
GRC,GCI 4.0: 1st pillar: Institutions,50.51
GRC,GCI 4.0: 2nd pillar: Infrastructure,77.66
GRC,GCI 4.0: 3rd pillar: ICT adoption,64.72
GRC,GCI 4.0: 4th pillar: Macroeconomic stability,75.0
GRC,GCI 4.0: 5th pillar: Health,93.54
GRC,GCI 4.0: 6th pillar: Skills,70.49
GRC,GCI 4.0: 7th pillar: Product market,53.82
GRC,GCI 4.0: 8th pillar: Labor market,52.73
GRC,GCI 4.0: 9th pillar: Financial system,48.98
GRC,GCI 4.0: 10th pillar: Market size,59.58
GRC,GCI 4.0: 11th pillar: Business dynamism,58.78
GRC,GCI 4.0: 12th pillar: Innovation capability,45.14
GTM,GCI 4.0: 1st pillar: Institutions,42.45
GTM,GCI 4.0: 2nd pillar: Infrastructure,55.85
GTM,GCI 4.0: 3rd pillar: ICT adoption,37.73
GTM,GCI 4.0: 4th pillar: Macroeconomic stability,74.81
GTM,GCI 4.0: 5th pillar: Health,73.96
GTM,GCI 4.0: 6th pillar: Skills,51.38
GTM,GCI 4.0: 7th pillar: Product market,58.99
GTM,GCI 4.0: 8th pillar: Labor market,50.93
GTM,GCI 4.0: 9th pillar: Financial system,57.52
GTM,GCI 4.0: 10th pillar: Market size,51.2
GTM,GCI 4.0: 11th pillar: Business dynamism,55.81
GTM,GCI 4.0: 12th pillar: Innovation capability,31.55
HKG,GCI 4.0: 1st pillar: Institutions,77.58
HKG,GCI 4.0: 2nd pillar: Infrastructure,94.05
HKG,GCI 4.0: 3rd pillar: ICT adoption,89.43
HKG,GCI 4.0: 4th pillar: Macroeconomic stability,100.0
HKG,GCI 4.0: 5th pillar: Health,100.0
HKG,GCI 4.0: 6th pillar: Skills,77.57
HKG,GCI 4.0: 7th pillar: Product market,81.61
HKG,GCI 4.0: 8th pillar: Labor market,75.82
HKG,GCI 4.0: 9th pillar: Financial system,91.41
HKG,GCI 4.0: 10th pillar: Market size,71.4
HKG,GCI 4.0: 11th pillar: Business dynamism,75.4
HKG,GCI 4.0: 12th pillar: Innovation capability,63.44
HND,GCI 4.0: 1st pillar: Institutions,43.79
HND,GCI 4.0: 2nd pillar: Infrastructure,57.4
HND,GCI 4.0: 3rd pillar: ICT adoption,30.17
HND,GCI 4.0: 4th pillar: Macroeconomic stability,74.67
HND,GCI 4.0: 5th pillar: Health,77.83
HND,GCI 4.0: 6th pillar: Skills,49.52
HND,GCI 4.0: 7th pillar: Product market,55.32
HND,GCI 4.0: 8th pillar: Labor market,55.95
HND,GCI 4.0: 9th pillar: Financial system,59.79
HND,GCI 4.0: 10th pillar: Market size,42.49
HND,GCI 4.0: 11th pillar: Business dynamism,53.96
HND,GCI 4.0: 12th pillar: Innovation capability,30.64
HRV,GCI 4.0: 1st pillar: Institutions,51.77
HRV,GCI 4.0: 2nd pillar: Infrastructure,78.22
HRV,GCI 4.0: 3rd pillar: ICT adoption,60.69
HRV,GCI 4.0: 4th pillar: Macroeconomic stability,90.0
HRV,GCI 4.0: 5th pillar: Health,85.69
HRV,GCI 4.0: 6th pillar: Skills,63.47
HRV,GCI 4.0: 7th pillar: Product market,53.16
HRV,GCI 4.0: 8th pillar: Labor market,55.96
HRV,GCI 4.0: 9th pillar: Financial system,61.92
HRV,GCI 4.0: 10th pillar: Market size,49.97
HRV,GCI 4.0: 11th pillar: Business dynamism,54.65
HRV,GCI 4.0: 12th pillar: Innovation capability,37.76
HTI,GCI 4.0: 1st pillar: Institutions,30.87
HTI,GCI 4.0: 2nd pillar: Infrastructure,26.88
HTI,GCI 4.0: 3rd pillar: ICT adoption,28.14
HTI,GCI 4.0: 4th pillar: Macroeconomic stability,60.16
HTI,GCI 4.0: 5th pillar: Health,50.82
HTI,GCI 4.0: 6th pillar: Skills,41.48
HTI,GCI 4.0: 7th pillar: Product market,37.81
HTI,GCI 4.0: 8th pillar: Labor market,49.07
HTI,GCI 4.0: 9th pillar: Financial system,44.02
HTI,GCI 4.0: 10th pillar: Market size,33.92
HTI,GCI 4.0: 11th pillar: Business dynamism,14.07
HTI,GCI 4.0: 12th pillar: Innovation capability,18.9
HUN,GCI 4.0: 1st pillar: Institutions,55.67
HUN,GCI 4.0: 2nd pillar: Infrastructure,80.68
HUN,GCI 4.0: 3rd pillar: ICT adoption,64.2
HUN,GCI 4.0: 4th pillar: Macroeconomic stability,90.0
HUN,GCI 4.0: 5th pillar: Health,80.58
HUN,GCI 4.0: 6th pillar: Skills,69.02
HUN,GCI 4.0: 7th pillar: Product market,52.44
HUN,GCI 4.0: 8th pillar: Labor market,58.64
HUN,GCI 4.0: 9th pillar: Financial system,61.48
HUN,GCI 4.0: 10th pillar: Market size,62.71
HUN,GCI 4.0: 11th pillar: Business dynamism,58.08
HUN,GCI 4.0: 12th pillar: Innovation capability,47.4
IDN,GCI 4.0: 1st pillar: Institutions,58.1
IDN,GCI 4.0: 2nd pillar: Infrastructure,67.73
IDN,GCI 4.0: 3rd pillar: ICT adoption,55.37
IDN,GCI 4.0: 4th pillar: Macroeconomic stability,89.98
IDN,GCI 4.0: 5th pillar: Health,70.79
IDN,GCI 4.0: 6th pillar: Skills,64.01
IDN,GCI 4.0: 7th pillar: Product market,58.23
IDN,GCI 4.0: 8th pillar: Labor market,57.68
IDN,GCI 4.0: 9th pillar: Financial system,63.97
IDN,GCI 4.0: 10th pillar: Market size,82.39
IDN,GCI 4.0: 11th pillar: Business dynamism,69.6
IDN,GCI 4.0: 12th pillar: Innovation capability,37.7
IND,GCI 4.0: 1st pillar: Institutions,56.75
IND,GCI 4.0: 2nd pillar: Infrastructure,68.09
IND,GCI 4.0: 3rd pillar: ICT adoption,32.11
IND,GCI 4.0: 4th pillar: Macroeconomic stability,90.0
IND,GCI 4.0: 5th pillar: Health,60.53
IND,GCI 4.0: 6th pillar: Skills,50.45
IND,GCI 4.0: 7th pillar: Product market,50.39
IND,GCI 4.0: 8th pillar: Labor market,53.91
IND,GCI 4.0: 9th pillar: Financial system,69.48
IND,GCI 4.0: 10th pillar: Market size,93.67
IND,GCI 4.0: 11th pillar: Business dynamism,60.04
IND,GCI 4.0: 12th pillar: Innovation capability,50.94
IRL,GCI 4.0: 1st pillar: Institutions,72.98
IRL,GCI 4.0: 2nd pillar: Infrastructure,76.98
IRL,GCI 4.0: 3rd pillar: ICT adoption,66.6
IRL,GCI 4.0: 4th pillar: Macroeconomic stability,99.99
IRL,GCI 4.0: 5th pillar: Health,94.85
IRL,GCI 4.0: 6th pillar: Skills,77.21
IRL,GCI 4.0: 7th pillar: Product market,60.87
IRL,GCI 4.0: 8th pillar: Labor market,76.05
IRL,GCI 4.0: 9th pillar: Financial system,68.77
IRL,GCI 4.0: 10th pillar: Market size,64.63
IRL,GCI 4.0: 11th pillar: Business dynamism,76.92
IRL,GCI 4.0: 12th pillar: Innovation capability,65.55
IRN,GCI 4.0: 1st pillar: Institutions,42.53
IRN,GCI 4.0: 2nd pillar: Infrastructure,64.76
IRN,GCI 4.0: 3rd pillar: ICT adoption,50.85
IRN,GCI 4.0: 4th pillar: Macroeconomic stability,52.22
IRN,GCI 4.0: 5th pillar: Health,80.43
IRN,GCI 4.0: 6th pillar: Skills,57.87
IRN,GCI 4.0: 7th pillar: Product market,41.62
IRN,GCI 4.0: 8th pillar: Labor market,41.33
IRN,GCI 4.0: 9th pillar: Financial system,47.52
IRN,GCI 4.0: 10th pillar: Market size,74.15
IRN,GCI 4.0: 11th pillar: Business dynamism,44.33
IRN,GCI 4.0: 12th pillar: Innovation capability,37.98
ISL,GCI 4.0: 1st pillar: Institutions,74.1
ISL,GCI 4.0: 2nd pillar: Infrastructure,76.36
ISL,GCI 4.0: 3rd pillar: ICT adoption,85.31
ISL,GCI 4.0: 4th pillar: Macroeconomic stability,100.0
ISL,GCI 4.0: 5th pillar: Health,97.69
ISL,GCI 4.0: 6th pillar: Skills,83.43
ISL,GCI 4.0: 7th pillar: Product market,59.03
ISL,GCI 4.0: 8th pillar: Labor market,74.92
ISL,GCI 4.0: 9th pillar: Financial system,71.33
ISL,GCI 4.0: 10th pillar: Market size,32.27
ISL,GCI 4.0: 11th pillar: Business dynamism,77.06
ISL,GCI 4.0: 12th pillar: Innovation capability,65.1
ISR,GCI 4.0: 1st pillar: Institutions,65.64
ISR,GCI 4.0: 2nd pillar: Infrastructure,83.04
ISR,GCI 4.0: 3rd pillar: ICT adoption,67.56
ISR,GCI 4.0: 4th pillar: Macroeconomic stability,100.0
ISR,GCI 4.0: 5th pillar: Health,98.07
ISR,GCI 4.0: 6th pillar: Skills,79.63
ISR,GCI 4.0: 7th pillar: Product market,61.8
ISR,GCI 4.0: 8th pillar: Labor market,71.11
ISR,GCI 4.0: 9th pillar: Financial system,80.55
ISR,GCI 4.0: 10th pillar: Market size,59.8
ISR,GCI 4.0: 11th pillar: Business dynamism,79.55
ISR,GCI 4.0: 12th pillar: Innovation capability,74.17
ITA,GCI 4.0: 1st pillar: Institutions,58.55
ITA,GCI 4.0: 2nd pillar: Infrastructure,84.09
ITA,GCI 4.0: 3rd pillar: ICT adoption,64.49
ITA,GCI 4.0: 4th pillar: Macroeconomic stability,84.66
ITA,GCI 4.0: 5th pillar: Health,99.58
ITA,GCI 4.0: 6th pillar: Skills,70.4
ITA,GCI 4.0: 7th pillar: Product market,61.88
ITA,GCI 4.0: 8th pillar: Labor market,56.57
ITA,GCI 4.0: 9th pillar: Financial system,67.57
ITA,GCI 4.0: 10th pillar: Market size,79.27
ITA,GCI 4.0: 11th pillar: Business dynamism,65.73
ITA,GCI 4.0: 12th pillar: Innovation capability,65.55
JAM,GCI 4.0: 1st pillar: Institutions,49.33
JAM,GCI 4.0: 2nd pillar: Infrastructure,62.51
JAM,GCI 4.0: 3rd pillar: ICT adoption,47.61
JAM,GCI 4.0: 4th pillar: Macroeconomic stability,69.92
JAM,GCI 4.0: 5th pillar: Health,79.98
JAM,GCI 4.0: 6th pillar: Skills,63.36
JAM,GCI 4.0: 7th pillar: Product market,52.31
JAM,GCI 4.0: 8th pillar: Labor market,67.47
JAM,GCI 4.0: 9th pillar: Financial system,67.11
JAM,GCI 4.0: 10th pillar: Market size,36.21
JAM,GCI 4.0: 11th pillar: Business dynamism,68.32
JAM,GCI 4.0: 12th pillar: Innovation capability,34.92
JOR,GCI 4.0: 1st pillar: Institutions,59.82
JOR,GCI 4.0: 2nd pillar: Infrastructure,67.45
JOR,GCI 4.0: 3rd pillar: ICT adoption,51.04
JOR,GCI 4.0: 4th pillar: Macroeconomic stability,69.85
JOR,GCI 4.0: 5th pillar: Health,86.65
JOR,GCI 4.0: 6th pillar: Skills,67.15
JOR,GCI 4.0: 7th pillar: Product market,55.83
JOR,GCI 4.0: 8th pillar: Labor market,57.71
JOR,GCI 4.0: 9th pillar: Financial system,71.62
JOR,GCI 4.0: 10th pillar: Market size,48.81
JOR,GCI 4.0: 11th pillar: Business dynamism,56.56
JOR,GCI 4.0: 12th pillar: Innovation capability,38.78
JPN,GCI 4.0: 1st pillar: Institutions,71.67
JPN,GCI 4.0: 2nd pillar: Infrastructure,93.16
JPN,GCI 4.0: 3rd pillar: ICT adoption,86.2
JPN,GCI 4.0: 4th pillar: Macroeconomic stability,94.89
JPN,GCI 4.0: 5th pillar: Health,100.0
JPN,GCI 4.0: 6th pillar: Skills,73.28
JPN,GCI 4.0: 7th pillar: Product market,70.36
JPN,GCI 4.0: 8th pillar: Labor market,71.54
JPN,GCI 4.0: 9th pillar: Financial system,85.94
JPN,GCI 4.0: 10th pillar: Market size,86.86
JPN,GCI 4.0: 11th pillar: Business dynamism,75.03
JPN,GCI 4.0: 12th pillar: Innovation capability,78.31
KAZ,GCI 4.0: 1st pillar: Institutions,55.62
KAZ,GCI 4.0: 2nd pillar: Infrastructure,68.33
KAZ,GCI 4.0: 3rd pillar: ICT adoption,67.99
KAZ,GCI 4.0: 4th pillar: Macroeconomic stability,86.21
KAZ,GCI 4.0: 5th pillar: Health,70.98
KAZ,GCI 4.0: 6th pillar: Skills,67.49
KAZ,GCI 4.0: 7th pillar: Product market,55.7
KAZ,GCI 4.0: 8th pillar: Labor market,67.82
KAZ,GCI 4.0: 9th pillar: Financial system,53.07
KAZ,GCI 4.0: 10th pillar: Market size,63.45
KAZ,GCI 4.0: 11th pillar: Business dynamism,66.63
KAZ,GCI 4.0: 12th pillar: Innovation capability,32.0
KEN,GCI 4.0: 1st pillar: Institutions,54.65
KEN,GCI 4.0: 2nd pillar: Infrastructure,53.6
KEN,GCI 4.0: 3rd pillar: ICT adoption,35.68
KEN,GCI 4.0: 4th pillar: Macroeconomic stability,71.75
KEN,GCI 4.0: 5th pillar: Health,55.07
KEN,GCI 4.0: 6th pillar: Skills,56.29
KEN,GCI 4.0: 7th pillar: Product market,52.86
KEN,GCI 4.0: 8th pillar: Labor market,58.86
KEN,GCI 4.0: 9th pillar: Financial system,58.05
KEN,GCI 4.0: 10th pillar: Market size,52.68
KEN,GCI 4.0: 11th pillar: Business dynamism,63.93
KEN,GCI 4.0: 12th pillar: Innovation capability,36.31
KGZ,GCI 4.0: 1st pillar: Institutions,49.02
KGZ,GCI 4.0: 2nd pillar: Infrastructure,55.82
KGZ,GCI 4.0: 3rd pillar: ICT adoption,58.82
KGZ,GCI 4.0: 4th pillar: Macroeconomic stability,74.98
KGZ,GCI 4.0: 5th pillar: Health,73.27
KGZ,GCI 4.0: 6th pillar: Skills,58.58
KGZ,GCI 4.0: 7th pillar: Product market,48.03
KGZ,GCI 4.0: 8th pillar: Labor market,58.35
KGZ,GCI 4.0: 9th pillar: Financial system,50.03
KGZ,GCI 4.0: 10th pillar: Market size,36.27
KGZ,GCI 4.0: 11th pillar: Business dynamism,58.59
KGZ,GCI 4.0: 12th pillar: Innovation capability,26.19
KHM,GCI 4.0: 1st pillar: Institutions,41.91
KHM,GCI 4.0: 2nd pillar: Infrastructure,54.89
KHM,GCI 4.0: 3rd pillar: ICT adoption,55.39
KHM,GCI 4.0: 4th pillar: Macroeconomic stability,74.95
KHM,GCI 4.0: 5th pillar: Health,64.82
KHM,GCI 4.0: 6th pillar: Skills,42.66
KHM,GCI 4.0: 7th pillar: Product market,48.46
KHM,GCI 4.0: 8th pillar: Labor market,60.27
KHM,GCI 4.0: 9th pillar: Financial system,56.39
KHM,GCI 4.0: 10th pillar: Market size,47.79
KHM,GCI 4.0: 11th pillar: Business dynamism,46.55
KHM,GCI 4.0: 12th pillar: Innovation capability,30.88
KOR,GCI 4.0: 1st pillar: Institutions,65.76
KOR,GCI 4.0: 2nd pillar: Infrastructure,92.09
KOR,GCI 4.0: 3rd pillar: ICT adoption,92.84
KOR,GCI 4.0: 4th pillar: Macroeconomic stability,100.0
KOR,GCI 4.0: 5th pillar: Health,99.0
KOR,GCI 4.0: 6th pillar: Skills,74.0
KOR,GCI 4.0: 7th pillar: Product market,56.06
KOR,GCI 4.0: 8th pillar: Labor market,62.89
KOR,GCI 4.0: 9th pillar: Financial system,84.37
KOR,GCI 4.0: 10th pillar: Market size,78.9
KOR,GCI 4.0: 11th pillar: Business dynamism,70.47
KOR,GCI 4.0: 12th pillar: Innovation capability,79.05
KWT,GCI 4.0: 1st pillar: Institutions,55.58
KWT,GCI 4.0: 2nd pillar: Infrastructure,68.37
KWT,GCI 4.0: 3rd pillar: ICT adoption,69.57
KWT,GCI 4.0: 4th pillar: Macroeconomic stability,100.0
KWT,GCI 4.0: 5th pillar: Health,96.08
KWT,GCI 4.0: 6th pillar: Skills,61.33
KWT,GCI 4.0: 7th pillar: Product market,57.86
KWT,GCI 4.0: 8th pillar: Labor market,54.35
KWT,GCI 4.0: 9th pillar: Financial system,71.61
KWT,GCI 4.0: 10th pillar: Market size,60.11
KWT,GCI 4.0: 11th pillar: Business dynamism,56.09
KWT,GCI 4.0: 12th pillar: Innovation capability,30.3
LAO,GCI 4.0: 1st pillar: Institutions,42.76
LAO,GCI 4.0: 2nd pillar: Infrastructure,59.24
LAO,GCI 4.0: 3rd pillar: ICT adoption,44.16
LAO,GCI 4.0: 4th pillar: Macroeconomic stability,69.71
LAO,GCI 4.0: 5th pillar: Health,60.87
LAO,GCI 4.0: 6th pillar: Skills,51.32
LAO,GCI 4.0: 7th pillar: Product market,54.15
LAO,GCI 4.0: 8th pillar: Labor market,56.99
LAO,GCI 4.0: 9th pillar: Financial system,55.2
LAO,GCI 4.0: 10th pillar: Market size,42.07
LAO,GCI 4.0: 11th pillar: Business dynamism,36.78
LAO,GCI 4.0: 12th pillar: Innovation capability,27.99
LBN,GCI 4.0: 1st pillar: Institutions,44.39
LBN,GCI 4.0: 2nd pillar: Infrastructure,61.27
LBN,GCI 4.0: 3rd pillar: ICT adoption,46.66
LBN,GCI 4.0: 4th pillar: Macroeconomic stability,66.51
LBN,GCI 4.0: 5th pillar: Health,82.05
LBN,GCI 4.0: 6th pillar: Skills,64.23
LBN,GCI 4.0: 7th pillar: Product market,51.21
LBN,GCI 4.0: 8th pillar: Labor market,54.4
LBN,GCI 4.0: 9th pillar: Financial system,64.71
LBN,GCI 4.0: 10th pillar: Market size,48.56
LBN,GCI 4.0: 11th pillar: Business dynamism,53.0
LBN,GCI 4.0: 12th pillar: Innovation capability,38.48
LKA,GCI 4.0: 1st pillar: Institutions,51.61
LKA,GCI 4.0: 2nd pillar: Infrastructure,69.23
LKA,GCI 4.0: 3rd pillar: ICT adoption,40.27
LKA,GCI 4.0: 4th pillar: Macroeconomic stability,68.02
LKA,GCI 4.0: 5th pillar: Health,87.09
LKA,GCI 4.0: 6th pillar: Skills,63.75
LKA,GCI 4.0: 7th pillar: Product market,43.25
LKA,GCI 4.0: 8th pillar: Labor market,51.75
LKA,GCI 4.0: 9th pillar: Financial system,56.95
LKA,GCI 4.0: 10th pillar: Market size,58.41
LKA,GCI 4.0: 11th pillar: Business dynamism,60.03
LKA,GCI 4.0: 12th pillar: Innovation capability,34.9
LSO,GCI 4.0: 1st pillar: Institutions,42.99
LSO,GCI 4.0: 2nd pillar: Infrastructure,33.26
LSO,GCI 4.0: 3rd pillar: ICT adoption,43.03
LSO,GCI 4.0: 4th pillar: Macroeconomic stability,73.81
LSO,GCI 4.0: 5th pillar: Health,21.73
LSO,GCI 4.0: 6th pillar: Skills,48.32
LSO,GCI 4.0: 7th pillar: Product market,50.33
LSO,GCI 4.0: 8th pillar: Labor market,61.28
LSO,GCI 4.0: 9th pillar: Financial system,43.38
LSO,GCI 4.0: 10th pillar: Market size,24.82
LSO,GCI 4.0: 11th pillar: Business dynamism,50.1
LSO,GCI 4.0: 12th pillar: Innovation capability,21.81
LTU,GCI 4.0: 1st pillar: Institutions,63.26
LTU,GCI 4.0: 2nd pillar: Infrastructure,77.02
LTU,GCI 4.0: 3rd pillar: ICT adoption,81.53
LTU,GCI 4.0: 4th pillar: Macroeconomic stability,100.0
LTU,GCI 4.0: 5th pillar: Health,76.04
LTU,GCI 4.0: 6th pillar: Skills,75.68
LTU,GCI 4.0: 7th pillar: Product market,56.33
LTU,GCI 4.0: 8th pillar: Labor market,68.84
LTU,GCI 4.0: 9th pillar: Financial system,58.28
LTU,GCI 4.0: 10th pillar: Market size,50.51
LTU,GCI 4.0: 11th pillar: Business dynamism,65.65
LTU,GCI 4.0: 12th pillar: Innovation capability,47.07
LUX,GCI 4.0: 1st pillar: Institutions,75.9
LUX,GCI 4.0: 2nd pillar: Infrastructure,85.04
LUX,GCI 4.0: 3rd pillar: ICT adoption,78.13
LUX,GCI 4.0: 4th pillar: Macroeconomic stability,100.0
LUX,GCI 4.0: 5th pillar: Health,92.82
LUX,GCI 4.0: 6th pillar: Skills,79.3
LUX,GCI 4.0: 7th pillar: Product market,67.71
LUX,GCI 4.0: 8th pillar: Labor market,74.21
LUX,GCI 4.0: 9th pillar: Financial system,87.03
LUX,GCI 4.0: 10th pillar: Market size,50.01
LUX,GCI 4.0: 11th pillar: Business dynamism,65.79
LUX,GCI 4.0: 12th pillar: Innovation capability,68.4
LVA,GCI 4.0: 1st pillar: Institutions,59.28
LVA,GCI 4.0: 2nd pillar: Infrastructure,76.01
LVA,GCI 4.0: 3rd pillar: ICT adoption,79.71
LVA,GCI 4.0: 4th pillar: Macroeconomic stability,100.0
LVA,GCI 4.0: 5th pillar: Health,76.82
LVA,GCI 4.0: 6th pillar: Skills,76.25
LVA,GCI 4.0: 7th pillar: Product market,58.61
LVA,GCI 4.0: 8th pillar: Labor market,67.27
LVA,GCI 4.0: 9th pillar: Financial system,57.1
LVA,GCI 4.0: 10th pillar: Market size,44.4
LVA,GCI 4.0: 11th pillar: Business dynamism,65.89
LVA,GCI 4.0: 12th pillar: Innovation capability,42.42
MAR,GCI 4.0: 1st pillar: Institutions,60.02
MAR,GCI 4.0: 2nd pillar: Infrastructure,72.63
MAR,GCI 4.0: 3rd pillar: ICT adoption,46.2
MAR,GCI 4.0: 4th pillar: Macroeconomic stability,90.0
MAR,GCI 4.0: 5th pillar: Health,72.33
MAR,GCI 4.0: 6th pillar: Skills,48.62
MAR,GCI 4.0: 7th pillar: Product market,55.99
MAR,GCI 4.0: 8th pillar: Labor market,51.48
MAR,GCI 4.0: 9th pillar: Financial system,67.46
MAR,GCI 4.0: 10th pillar: Market size,60.46
MAR,GCI 4.0: 11th pillar: Business dynamism,59.8
MAR,GCI 4.0: 12th pillar: Innovation capability,35.12
MDA,GCI 4.0: 1st pillar: Institutions,51.37
MDA,GCI 4.0: 2nd pillar: Infrastructure,66.19
MDA,GCI 4.0: 3rd pillar: ICT adoption,66.79
MDA,GCI 4.0: 4th pillar: Macroeconomic stability,73.44
MDA,GCI 4.0: 5th pillar: Health,71.88
MDA,GCI 4.0: 6th pillar: Skills,61.47
MDA,GCI 4.0: 7th pillar: Product market,54.99
MDA,GCI 4.0: 8th pillar: Labor market,61.92
MDA,GCI 4.0: 9th pillar: Financial system,46.84
MDA,GCI 4.0: 10th pillar: Market size,36.05
MDA,GCI 4.0: 11th pillar: Business dynamism,60.14
MDA,GCI 4.0: 12th pillar: Innovation capability,29.89
MDG,GCI 4.0: 1st pillar: Institutions,39.95
MDG,GCI 4.0: 2nd pillar: Infrastructure,31.41
MDG,GCI 4.0: 3rd pillar: ICT adoption,21.47
MDG,GCI 4.0: 4th pillar: Macroeconomic stability,69.4
MDG,GCI 4.0: 5th pillar: Health,48.28
MDG,GCI 4.0: 6th pillar: Skills,38.53
MDG,GCI 4.0: 7th pillar: Product market,47.91
MDG,GCI 4.0: 8th pillar: Labor market,53.93
MDG,GCI 4.0: 9th pillar: Financial system,46.73
MDG,GCI 4.0: 10th pillar: Market size,40.11
MDG,GCI 4.0: 11th pillar: Business dynamism,51.33
MDG,GCI 4.0: 12th pillar: Innovation capability,25.28
MEX,GCI 4.0: 1st pillar: Institutions,48.29
MEX,GCI 4.0: 2nd pillar: Infrastructure,72.45
MEX,GCI 4.0: 3rd pillar: ICT adoption,55.03
MEX,GCI 4.0: 4th pillar: Macroeconomic stability,97.82
MEX,GCI 4.0: 5th pillar: Health,81.96
MEX,GCI 4.0: 6th pillar: Skills,58.25
MEX,GCI 4.0: 7th pillar: Product market,57.69
MEX,GCI 4.0: 8th pillar: Labor market,55.83
MEX,GCI 4.0: 9th pillar: Financial system,61.78
MEX,GCI 4.0: 10th pillar: Market size,80.84
MEX,GCI 4.0: 11th pillar: Business dynamism,65.82
MEX,GCI 4.0: 12th pillar: Innovation capability,43.58
MKD,GCI 4.0: 1st pillar: Institutions,50.68
MKD,GCI 4.0: 2nd pillar: Infrastructure,66.85
MKD,GCI 4.0: 3rd pillar: ICT adoption,57.6
MKD,GCI 4.0: 4th pillar: Macroeconomic stability,74.76
MKD,GCI 4.0: 5th pillar: Health,81.29
MKD,GCI 4.0: 6th pillar: Skills,59.84
MKD,GCI 4.0: 7th pillar: Product market,48.6
MKD,GCI 4.0: 8th pillar: Labor market,58.35
MKD,GCI 4.0: 9th pillar: Financial system,57.33
MKD,GCI 4.0: 10th pillar: Market size,39.69
MKD,GCI 4.0: 11th pillar: Business dynamism,61.17
MKD,GCI 4.0: 12th pillar: Innovation capability,31.75
MLI,GCI 4.0: 1st pillar: Institutions,41.48
MLI,GCI 4.0: 2nd pillar: Infrastructure,43.87
MLI,GCI 4.0: 3rd pillar: ICT adoption,27.88
MLI,GCI 4.0: 4th pillar: Macroeconomic stability,74.92
MLI,GCI 4.0: 5th pillar: Health,41.01
MLI,GCI 4.0: 6th pillar: Skills,32.77
MLI,GCI 4.0: 7th pillar: Product market,48.06
MLI,GCI 4.0: 8th pillar: Labor market,46.08
MLI,GCI 4.0: 9th pillar: Financial system,46.33
MLI,GCI 4.0: 10th pillar: Market size,39.93
MLI,GCI 4.0: 11th pillar: Business dynamism,51.78
MLI,GCI 4.0: 12th pillar: Innovation capability,28.99
MLT,GCI 4.0: 1st pillar: Institutions,61.34
MLT,GCI 4.0: 2nd pillar: Infrastructure,75.02
MLT,GCI 4.0: 3rd pillar: ICT adoption,75.46
MLT,GCI 4.0: 4th pillar: Macroeconomic stability,100.0
MLT,GCI 4.0: 5th pillar: Health,93.17
MLT,GCI 4.0: 6th pillar: Skills,72.16
MLT,GCI 4.0: 7th pillar: Product market,59.56
MLT,GCI 4.0: 8th pillar: Labor market,66.64
MLT,GCI 4.0: 9th pillar: Financial system,72.15
MLT,GCI 4.0: 10th pillar: Market size,37.16
MLT,GCI 4.0: 11th pillar: Business dynamism,59.39
MLT,GCI 4.0: 12th pillar: Innovation capability,50.5
MNE,GCI 4.0: 1st pillar: Institutions,57.27
MNE,GCI 4.0: 2nd pillar: Infrastructure,63.58
MNE,GCI 4.0: 3rd pillar: ICT adoption,62.95
MNE,GCI 4.0: 4th pillar: Macroeconomic stability,70.0
MNE,GCI 4.0: 5th pillar: Health,81.2
MNE,GCI 4.0: 6th pillar: Skills,68.68
MNE,GCI 4.0: 7th pillar: Product market,59.37
MNE,GCI 4.0: 8th pillar: Labor market,67.69
MNE,GCI 4.0: 9th pillar: Financial system,67.98
MNE,GCI 4.0: 10th pillar: Market size,28.83
MNE,GCI 4.0: 11th pillar: Business dynamism,64.01
MNE,GCI 4.0: 12th pillar: Innovation capability,38.3
MNG,GCI 4.0: 1st pillar: Institutions,49.76
MNG,GCI 4.0: 2nd pillar: Infrastructure,56.56
MNG,GCI 4.0: 3rd pillar: ICT adoption,46.55
MNG,GCI 4.0: 4th pillar: Macroeconomic stability,66.7
MNG,GCI 4.0: 5th pillar: Health,63.3
MNG,GCI 4.0: 6th pillar: Skills,56.55
MNG,GCI 4.0: 7th pillar: Product market,50.03
MNG,GCI 4.0: 8th pillar: Labor market,64.02
MNG,GCI 4.0: 9th pillar: Financial system,50.52
MNG,GCI 4.0: 10th pillar: Market size,41.78
MNG,GCI 4.0: 11th pillar: Business dynamism,53.29
MNG,GCI 4.0: 12th pillar: Innovation capability,32.33
MOZ,GCI 4.0: 1st pillar: Institutions,39.31
MOZ,GCI 4.0: 2nd pillar: Infrastructure,35.15
MOZ,GCI 4.0: 3rd pillar: ICT adoption,23.07
MOZ,GCI 4.0: 4th pillar: Macroeconomic stability,42.34
MOZ,GCI 4.0: 5th pillar: Health,33.14
MOZ,GCI 4.0: 6th pillar: Skills,30.25
MOZ,GCI 4.0: 7th pillar: Product market,46.73
MOZ,GCI 4.0: 8th pillar: Labor market,43.15
MOZ,GCI 4.0: 9th pillar: Financial system,48.44
MOZ,GCI 4.0: 10th pillar: Market size,41.14
MOZ,GCI 4.0: 11th pillar: Business dynamism,46.77
MOZ,GCI 4.0: 12th pillar: Innovation capability,27.43
MRT,GCI 4.0: 1st pillar: Institutions,36.42
MRT,GCI 4.0: 2nd pillar: Infrastructure,32.38
MRT,GCI 4.0: 3rd pillar: ICT adoption,36.44
MRT,GCI 4.0: 4th pillar: Macroeconomic stability,70.0
MRT,GCI 4.0: 5th pillar: Health,65.32
MRT,GCI 4.0: 6th pillar: Skills,34.76
MRT,GCI 4.0: 7th pillar: Product market,36.57
MRT,GCI 4.0: 8th pillar: Labor market,43.74
MRT,GCI 4.0: 9th pillar: Financial system,37.35
MRT,GCI 4.0: 10th pillar: Market size,32.91
MRT,GCI 4.0: 11th pillar: Business dynamism,38.86
MRT,GCI 4.0: 12th pillar: Innovation capability,26.29
MUS,GCI 4.0: 1st pillar: Institutions,64.7
MUS,GCI 4.0: 2nd pillar: Infrastructure,68.7
MUS,GCI 4.0: 3rd pillar: ICT adoption,68.27
MUS,GCI 4.0: 4th pillar: Macroeconomic stability,89.43
MUS,GCI 4.0: 5th pillar: Health,77.43
MUS,GCI 4.0: 6th pillar: Skills,60.64
MUS,GCI 4.0: 7th pillar: Product market,64.46
MUS,GCI 4.0: 8th pillar: Labor market,59.03
MUS,GCI 4.0: 9th pillar: Financial system,77.19
MUS,GCI 4.0: 10th pillar: Market size,37.22
MUS,GCI 4.0: 11th pillar: Business dynamism,66.13
MUS,GCI 4.0: 12th pillar: Innovation capability,38.06
MWI,GCI 4.0: 1st pillar: Institutions,45.74
MWI,GCI 4.0: 2nd pillar: Infrastructure,35.56
MWI,GCI 4.0: 3rd pillar: ICT adoption,25.23
MWI,GCI 4.0: 4th pillar: Macroeconomic stability,66.14
MWI,GCI 4.0: 5th pillar: Health,46.98
MWI,GCI 4.0: 6th pillar: Skills,38.2
MWI,GCI 4.0: 7th pillar: Product market,47.88
MWI,GCI 4.0: 8th pillar: Labor market,60.08
MWI,GCI 4.0: 9th pillar: Financial system,48.78
MWI,GCI 4.0: 10th pillar: Market size,34.22
MWI,GCI 4.0: 11th pillar: Business dynamism,48.77
MWI,GCI 4.0: 12th pillar: Innovation capability,26.86
MYS,GCI 4.0: 1st pillar: Institutions,68.57
MYS,GCI 4.0: 2nd pillar: Infrastructure,78.03
MYS,GCI 4.0: 3rd pillar: ICT adoption,71.6
MYS,GCI 4.0: 4th pillar: Macroeconomic stability,99.98
MYS,GCI 4.0: 5th pillar: Health,81.17
MYS,GCI 4.0: 6th pillar: Skills,72.55
MYS,GCI 4.0: 7th pillar: Product market,64.76
MYS,GCI 4.0: 8th pillar: Labor market,70.17
MYS,GCI 4.0: 9th pillar: Financial system,85.32
MYS,GCI 4.0: 10th pillar: Market size,73.42
MYS,GCI 4.0: 11th pillar: Business dynamism,74.63
MYS,GCI 4.0: 12th pillar: Innovation capability,55.02
NAM,GCI 4.0: 1st pillar: Institutions,56.82
NAM,GCI 4.0: 2nd pillar: Infrastructure,58.5
NAM,GCI 4.0: 3rd pillar: ICT adoption,48.14
NAM,GCI 4.0: 4th pillar: Macroeconomic stability,72.17
NAM,GCI 4.0: 5th pillar: Health,53.41
NAM,GCI 4.0: 6th pillar: Skills,54.57
NAM,GCI 4.0: 7th pillar: Product market,53.55
NAM,GCI 4.0: 8th pillar: Labor market,63.72
NAM,GCI 4.0: 9th pillar: Financial system,69.09
NAM,GCI 4.0: 10th pillar: Market size,36.73
NAM,GCI 4.0: 11th pillar: Business dynamism,51.21
NAM,GCI 4.0: 12th pillar: Innovation capability,35.64
NGA,GCI 4.0: 1st pillar: Institutions,41.43
NGA,GCI 4.0: 2nd pillar: Infrastructure,39.71
NGA,GCI 4.0: 3rd pillar: ICT adoption,33.39
NGA,GCI 4.0: 4th pillar: Macroeconomic stability,60.29
NGA,GCI 4.0: 5th pillar: Health,47.2
NGA,GCI 4.0: 6th pillar: Skills,40.1
NGA,GCI 4.0: 7th pillar: Product market,51.58
NGA,GCI 4.0: 8th pillar: Labor market,60.23
NGA,GCI 4.0: 9th pillar: Financial system,44.16
NGA,GCI 4.0: 10th pillar: Market size,71.13
NGA,GCI 4.0: 11th pillar: Business dynamism,58.55
NGA,GCI 4.0: 12th pillar: Innovation capability,32.17
NIC,GCI 4.0: 1st pillar: Institutions,41.89
NIC,GCI 4.0: 2nd pillar: Infrastructure,55.6
NIC,GCI 4.0: 3rd pillar: ICT adoption,35.88
NIC,GCI 4.0: 4th pillar: Macroeconomic stability,73.51
NIC,GCI 4.0: 5th pillar: Health,90.01
NIC,GCI 4.0: 6th pillar: Skills,46.8
NIC,GCI 4.0: 7th pillar: Product market,51.39
NIC,GCI 4.0: 8th pillar: Labor market,53.24
NIC,GCI 4.0: 9th pillar: Financial system,53.13
NIC,GCI 4.0: 10th pillar: Market size,39.15
NIC,GCI 4.0: 11th pillar: Business dynamism,49.83
NIC,GCI 4.0: 12th pillar: Innovation capability,27.85
NLD,GCI 4.0: 1st pillar: Institutions,78.57
NLD,GCI 4.0: 2nd pillar: Infrastructure,94.34
NLD,GCI 4.0: 3rd pillar: ICT adoption,76.29
NLD,GCI 4.0: 4th pillar: Macroeconomic stability,100.0
NLD,GCI 4.0: 5th pillar: Health,94.25
NLD,GCI 4.0: 6th pillar: Skills,84.62
NLD,GCI 4.0: 7th pillar: Product market,69.93
NLD,GCI 4.0: 8th pillar: Labor market,74.9
NLD,GCI 4.0: 9th pillar: Financial system,84.61
NLD,GCI 4.0: 10th pillar: Market size,74.31
NLD,GCI 4.0: 11th pillar: Business dynamism,80.58
NLD,GCI 4.0: 12th pillar: Innovation capability,76.31
NOR,GCI 4.0: 1st pillar: Institutions,76.92
NOR,GCI 4.0: 2nd pillar: Infrastructure,75.8
NOR,GCI 4.0: 3rd pillar: ICT adoption,83.12
NOR,GCI 4.0: 4th pillar: Macroeconomic stability,100.0
NOR,GCI 4.0: 5th pillar: Health,94.49
NOR,GCI 4.0: 6th pillar: Skills,83.77
NOR,GCI 4.0: 7th pillar: Product market,60.87
NOR,GCI 4.0: 8th pillar: Labor market,73.32
NOR,GCI 4.0: 9th pillar: Financial system,82.04
NOR,GCI 4.0: 10th pillar: Market size,61.41
NOR,GCI 4.0: 11th pillar: Business dynamism,76.9
NOR,GCI 4.0: 12th pillar: Innovation capability,68.02
NPL,GCI 4.0: 1st pillar: Institutions,47.89
NPL,GCI 4.0: 2nd pillar: Infrastructure,51.79
NPL,GCI 4.0: 3rd pillar: ICT adoption,38.6
NPL,GCI 4.0: 4th pillar: Macroeconomic stability,73.92
NPL,GCI 4.0: 5th pillar: Health,65.94
NPL,GCI 4.0: 6th pillar: Skills,49.33
NPL,GCI 4.0: 7th pillar: Product market,43.01
NPL,GCI 4.0: 8th pillar: Labor market,49.14
NPL,GCI 4.0: 9th pillar: Financial system,66.37
NPL,GCI 4.0: 10th pillar: Market size,47.73
NPL,GCI 4.0: 11th pillar: Business dynamism,55.76
NPL,GCI 4.0: 12th pillar: Innovation capability,29.4
NZL,GCI 4.0: 1st pillar: Institutions,78.78
NZL,GCI 4.0: 2nd pillar: Infrastructure,75.53
NZL,GCI 4.0: 3rd pillar: ICT adoption,77.71
NZL,GCI 4.0: 4th pillar: Macroeconomic stability,100.0
NZL,GCI 4.0: 5th pillar: Health,90.78
NZL,GCI 4.0: 6th pillar: Skills,82.11
NZL,GCI 4.0: 7th pillar: Product market,71.96
NZL,GCI 4.0: 8th pillar: Labor market,76.74
NZL,GCI 4.0: 9th pillar: Financial system,76.74
NZL,GCI 4.0: 10th pillar: Market size,54.18
NZL,GCI 4.0: 11th pillar: Business dynamism,75.78
NZL,GCI 4.0: 12th pillar: Innovation capability,60.65
OMN,GCI 4.0: 1st pillar: Institutions,62.35
OMN,GCI 4.0: 2nd pillar: Infrastructure,80.5
OMN,GCI 4.0: 3rd pillar: ICT adoption,58.11
OMN,GCI 4.0: 4th pillar: Macroeconomic stability,67.41
OMN,GCI 4.0: 5th pillar: Health,80.68
OMN,GCI 4.0: 6th pillar: Skills,71.54
OMN,GCI 4.0: 7th pillar: Product market,63.12
OMN,GCI 4.0: 8th pillar: Labor market,55.75
OMN,GCI 4.0: 9th pillar: Financial system,63.9
OMN,GCI 4.0: 10th pillar: Market size,55.86
OMN,GCI 4.0: 11th pillar: Business dynamism,62.82
OMN,GCI 4.0: 12th pillar: Innovation capability,41.24
PAK,GCI 4.0: 1st pillar: Institutions,47.7
PAK,GCI 4.0: 2nd pillar: Infrastructure,55.55
PAK,GCI 4.0: 3rd pillar: ICT adoption,25.21
PAK,GCI 4.0: 4th pillar: Macroeconomic stability,68.73
PAK,GCI 4.0: 5th pillar: Health,56.25
PAK,GCI 4.0: 6th pillar: Skills,40.76
PAK,GCI 4.0: 7th pillar: Product market,45.49
PAK,GCI 4.0: 8th pillar: Labor market,51.27
PAK,GCI 4.0: 9th pillar: Financial system,55.03
PAK,GCI 4.0: 10th pillar: Market size,71.24
PAK,GCI 4.0: 11th pillar: Business dynamism,63.3
PAK,GCI 4.0: 12th pillar: Innovation capability,35.77
PAN,GCI 4.0: 1st pillar: Institutions,51.41
PAN,GCI 4.0: 2nd pillar: Infrastructure,69.47
PAN,GCI 4.0: 3rd pillar: ICT adoption,50.06
PAN,GCI 4.0: 4th pillar: Macroeconomic stability,90.0
PAN,GCI 4.0: 5th pillar: Health,92.01
PAN,GCI 4.0: 6th pillar: Skills,58.46
PAN,GCI 4.0: 7th pillar: Product market,59.23
PAN,GCI 4.0: 8th pillar: Labor market,56.28
PAN,GCI 4.0: 9th pillar: Financial system,67.63
PAN,GCI 4.0: 10th pillar: Market size,49.04
PAN,GCI 4.0: 11th pillar: Business dynamism,58.75
PAN,GCI 4.0: 12th pillar: Innovation capability,37.31
PER,GCI 4.0: 1st pillar: Institutions,48.86
PER,GCI 4.0: 2nd pillar: Infrastructure,62.31
PER,GCI 4.0: 3rd pillar: ICT adoption,45.7
PER,GCI 4.0: 4th pillar: Macroeconomic stability,100.0
PER,GCI 4.0: 5th pillar: Health,94.63
PER,GCI 4.0: 6th pillar: Skills,60.2
PER,GCI 4.0: 7th pillar: Product market,57.09
PER,GCI 4.0: 8th pillar: Labor market,59.02
PER,GCI 4.0: 9th pillar: Financial system,61.44
PER,GCI 4.0: 10th pillar: Market size,62.19
PER,GCI 4.0: 11th pillar: Business dynamism,55.8
PER,GCI 4.0: 12th pillar: Innovation capability,32.73
PHL,GCI 4.0: 1st pillar: Institutions,49.98
PHL,GCI 4.0: 2nd pillar: Infrastructure,57.83
PHL,GCI 4.0: 3rd pillar: ICT adoption,49.69
PHL,GCI 4.0: 4th pillar: Macroeconomic stability,89.95
PHL,GCI 4.0: 5th pillar: Health,65.58
PHL,GCI 4.0: 6th pillar: Skills,63.74
PHL,GCI 4.0: 7th pillar: Product market,57.75
PHL,GCI 4.0: 8th pillar: Labor market,64.94
PHL,GCI 4.0: 9th pillar: Financial system,68.31
PHL,GCI 4.0: 10th pillar: Market size,70.97
PHL,GCI 4.0: 11th pillar: Business dynamism,65.73
PHL,GCI 4.0: 12th pillar: Innovation capability,37.96
POL,GCI 4.0: 1st pillar: Institutions,56.43
POL,GCI 4.0: 2nd pillar: Infrastructure,81.15
POL,GCI 4.0: 3rd pillar: ICT adoption,65.41
POL,GCI 4.0: 4th pillar: Macroeconomic stability,100.0
POL,GCI 4.0: 5th pillar: Health,83.8
POL,GCI 4.0: 6th pillar: Skills,72.11
POL,GCI 4.0: 7th pillar: Product market,58.12
POL,GCI 4.0: 8th pillar: Labor market,59.9
POL,GCI 4.0: 9th pillar: Financial system,64.06
POL,GCI 4.0: 10th pillar: Market size,74.07
POL,GCI 4.0: 11th pillar: Business dynamism,62.02
POL,GCI 4.0: 12th pillar: Innovation capability,49.65
PRT,GCI 4.0: 1st pillar: Institutions,64.51
PRT,GCI 4.0: 2nd pillar: Infrastructure,83.6
PRT,GCI 4.0: 3rd pillar: ICT adoption,71.24
PRT,GCI 4.0: 4th pillar: Macroeconomic stability,85.0
PRT,GCI 4.0: 5th pillar: Health,94.16
PRT,GCI 4.0: 6th pillar: Skills,69.99
PRT,GCI 4.0: 7th pillar: Product market,59.75
PRT,GCI 4.0: 8th pillar: Labor market,63.17
PRT,GCI 4.0: 9th pillar: Financial system,70.04
PRT,GCI 4.0: 10th pillar: Market size,60.49
PRT,GCI 4.0: 11th pillar: Business dynamism,69.71
PRT,GCI 4.0: 12th pillar: Innovation capability,53.69
PRY,GCI 4.0: 1st pillar: Institutions,44.28
PRY,GCI 4.0: 2nd pillar: Infrastructure,59.83
PRY,GCI 4.0: 3rd pillar: ICT adoption,45.68
PRY,GCI 4.0: 4th pillar: Macroeconomic stability,74.81
PRY,GCI 4.0: 5th pillar: Health,81.4
PRY,GCI 4.0: 6th pillar: Skills,50.8
PRY,GCI 4.0: 7th pillar: Product market,54.61
PRY,GCI 4.0: 8th pillar: Labor market,55.2
PRY,GCI 4.0: 9th pillar: Financial system,56.05
PRY,GCI 4.0: 10th pillar: Market size,47.32
PRY,GCI 4.0: 11th pillar: Business dynamism,51.24
PRY,GCI 4.0: 12th pillar: Innovation capability,22.41
QAT,GCI 4.0: 1st pillar: Institutions,63.22
QAT,GCI 4.0: 2nd pillar: Infrastructure,81.64
QAT,GCI 4.0: 3rd pillar: ICT adoption,83.78
QAT,GCI 4.0: 4th pillar: Macroeconomic stability,98.64
QAT,GCI 4.0: 5th pillar: Health,88.6
QAT,GCI 4.0: 6th pillar: Skills,70.54
QAT,GCI 4.0: 7th pillar: Product market,66.85
QAT,GCI 4.0: 8th pillar: Labor market,63.38
QAT,GCI 4.0: 9th pillar: Financial system,81.34
QAT,GCI 4.0: 10th pillar: Market size,60.45
QAT,GCI 4.0: 11th pillar: Business dynamism,65.96
QAT,GCI 4.0: 12th pillar: Innovation capability,50.03
ROU,GCI 4.0: 1st pillar: Institutions,58.07
ROU,GCI 4.0: 2nd pillar: Infrastructure,71.68
ROU,GCI 4.0: 3rd pillar: ICT adoption,72.01
ROU,GCI 4.0: 4th pillar: Macroeconomic stability,89.65
ROU,GCI 4.0: 5th pillar: Health,77.21
ROU,GCI 4.0: 6th pillar: Skills,62.49
ROU,GCI 4.0: 7th pillar: Product market,55.39
ROU,GCI 4.0: 8th pillar: Labor market,61.58
ROU,GCI 4.0: 9th pillar: Financial system,56.98
ROU,GCI 4.0: 10th pillar: Market size,65.19
ROU,GCI 4.0: 11th pillar: Business dynamism,59.67
ROU,GCI 4.0: 12th pillar: Innovation capability,42.33
RUS,GCI 4.0: 1st pillar: Institutions,52.57
RUS,GCI 4.0: 2nd pillar: Infrastructure,73.84
RUS,GCI 4.0: 3rd pillar: ICT adoption,77.03
RUS,GCI 4.0: 4th pillar: Macroeconomic stability,90.0
RUS,GCI 4.0: 5th pillar: Health,69.25
RUS,GCI 4.0: 6th pillar: Skills,68.3
RUS,GCI 4.0: 7th pillar: Product market,52.93
RUS,GCI 4.0: 8th pillar: Labor market,61.01
RUS,GCI 4.0: 9th pillar: Financial system,55.66
RUS,GCI 4.0: 10th pillar: Market size,84.19
RUS,GCI 4.0: 11th pillar: Business dynamism,63.11
RUS,GCI 4.0: 12th pillar: Innovation capability,52.95
RWA,GCI 4.0: 1st pillar: Institutions,63.21
RWA,GCI 4.0: 2nd pillar: Infrastructure,52.0
RWA,GCI 4.0: 3rd pillar: ICT adoption,37.63
RWA,GCI 4.0: 4th pillar: Macroeconomic stability,72.67
RWA,GCI 4.0: 5th pillar: Health,61.39
RWA,GCI 4.0: 6th pillar: Skills,40.13
RWA,GCI 4.0: 7th pillar: Product market,55.31
RWA,GCI 4.0: 8th pillar: Labor market,63.58
RWA,GCI 4.0: 9th pillar: Financial system,56.34
RWA,GCI 4.0: 10th pillar: Market size,35.08
RWA,GCI 4.0: 11th pillar: Business dynamism,65.58
RWA,GCI 4.0: 12th pillar: Innovation capability,30.93
SAU,GCI 4.0: 1st pillar: Institutions,63.19
SAU,GCI 4.0: 2nd pillar: Infrastructure,78.06
SAU,GCI 4.0: 3rd pillar: ICT adoption,69.3
SAU,GCI 4.0: 4th pillar: Macroeconomic stability,100.0
SAU,GCI 4.0: 5th pillar: Health,82.25
SAU,GCI 4.0: 6th pillar: Skills,75.35
SAU,GCI 4.0: 7th pillar: Product market,64.92
SAU,GCI 4.0: 8th pillar: Labor market,56.62
SAU,GCI 4.0: 9th pillar: Financial system,70.68
SAU,GCI 4.0: 10th pillar: Market size,76.27
SAU,GCI 4.0: 11th pillar: Business dynamism,53.12
SAU,GCI 4.0: 12th pillar: Innovation capability,50.55
SEN,GCI 4.0: 1st pillar: Institutions,53.07
SEN,GCI 4.0: 2nd pillar: Infrastructure,51.35
SEN,GCI 4.0: 3rd pillar: ICT adoption,35.76
SEN,GCI 4.0: 4th pillar: Macroeconomic stability,70.0
SEN,GCI 4.0: 5th pillar: Health,58.9
SEN,GCI 4.0: 6th pillar: Skills,41.14
SEN,GCI 4.0: 7th pillar: Product market,52.29
SEN,GCI 4.0: 8th pillar: Labor market,52.72
SEN,GCI 4.0: 9th pillar: Financial system,50.43
SEN,GCI 4.0: 10th pillar: Market size,43.0
SEN,GCI 4.0: 11th pillar: Business dynamism,55.6
SEN,GCI 4.0: 12th pillar: Innovation capability,31.95
SGP,GCI 4.0: 1st pillar: Institutions,80.36
SGP,GCI 4.0: 2nd pillar: Infrastructure,95.45
SGP,GCI 4.0: 3rd pillar: ICT adoption,87.11
SGP,GCI 4.0: 4th pillar: Macroeconomic stability,99.74
SGP,GCI 4.0: 5th pillar: Health,100.0
SGP,GCI 4.0: 6th pillar: Skills,78.78
SGP,GCI 4.0: 7th pillar: Product market,81.21
SGP,GCI 4.0: 8th pillar: Labor market,81.23
SGP,GCI 4.0: 9th pillar: Financial system,91.27
SGP,GCI 4.0: 10th pillar: Market size,71.54
SGP,GCI 4.0: 11th pillar: Business dynamism,75.56
SGP,GCI 4.0: 12th pillar: Innovation capability,75.15
SLV,GCI 4.0: 1st pillar: Institutions,39.84
SLV,GCI 4.0: 2nd pillar: Infrastructure,61.02
SLV,GCI 4.0: 3rd pillar: ICT adoption,40.64
SLV,GCI 4.0: 4th pillar: Macroeconomic stability,69.74
SLV,GCI 4.0: 5th pillar: Health,78.12
SLV,GCI 4.0: 6th pillar: Skills,48.44
SLV,GCI 4.0: 7th pillar: Product market,53.94
SLV,GCI 4.0: 8th pillar: Labor market,53.41
SLV,GCI 4.0: 9th pillar: Financial system,62.25
SLV,GCI 4.0: 10th pillar: Market size,42.85
SLV,GCI 4.0: 11th pillar: Business dynamism,52.69
SLV,GCI 4.0: 12th pillar: Innovation capability,27.92
SRB,GCI 4.0: 1st pillar: Institutions,52.45
SRB,GCI 4.0: 2nd pillar: Infrastructure,73.84
SRB,GCI 4.0: 3rd pillar: ICT adoption,52.59
SRB,GCI 4.0: 4th pillar: Macroeconomic stability,75.0
SRB,GCI 4.0: 5th pillar: Health,78.99
SRB,GCI 4.0: 6th pillar: Skills,68.18
SRB,GCI 4.0: 7th pillar: Product market,54.58
SRB,GCI 4.0: 8th pillar: Labor market,62.13
SRB,GCI 4.0: 9th pillar: Financial system,57.4
SRB,GCI 4.0: 10th pillar: Market size,51.77
SRB,GCI 4.0: 11th pillar: Business dynamism,63.11
SRB,GCI 4.0: 12th pillar: Innovation capability,40.18
SVK,GCI 4.0: 1st pillar: Institutions,56.28
SVK,GCI 4.0: 2nd pillar: Infrastructure,78.55
SVK,GCI 4.0: 3rd pillar: ICT adoption,69.19
SVK,GCI 4.0: 4th pillar: Macroeconomic stability,100.0
SVK,GCI 4.0: 5th pillar: Health,82.28
SVK,GCI 4.0: 6th pillar: Skills,69.88
SVK,GCI 4.0: 7th pillar: Product market,52.7
SVK,GCI 4.0: 8th pillar: Labor market,60.66
SVK,GCI 4.0: 9th pillar: Financial system,64.42
SVK,GCI 4.0: 10th pillar: Market size,58.2
SVK,GCI 4.0: 11th pillar: Business dynamism,62.84
SVK,GCI 4.0: 12th pillar: Innovation capability,46.27
SVN,GCI 4.0: 1st pillar: Institutions,63.35
SVN,GCI 4.0: 2nd pillar: Infrastructure,78.08
SVN,GCI 4.0: 3rd pillar: ICT adoption,69.17
SVN,GCI 4.0: 4th pillar: Macroeconomic stability,100.0
SVN,GCI 4.0: 5th pillar: Health,89.81
SVN,GCI 4.0: 6th pillar: Skills,74.93
SVN,GCI 4.0: 7th pillar: Product market,61.9
SVN,GCI 4.0: 8th pillar: Labor market,64.5
SVN,GCI 4.0: 9th pillar: Financial system,63.82
SVN,GCI 4.0: 10th pillar: Market size,48.45
SVN,GCI 4.0: 11th pillar: Business dynamism,70.15
SVN,GCI 4.0: 12th pillar: Innovation capability,58.25
SWE,GCI 4.0: 1st pillar: Institutions,75.2
SWE,GCI 4.0: 2nd pillar: Infrastructure,84.01
SWE,GCI 4.0: 3rd pillar: ICT adoption,87.78
SWE,GCI 4.0: 4th pillar: Macroeconomic stability,100.0
SWE,GCI 4.0: 5th pillar: Health,96.64
SWE,GCI 4.0: 6th pillar: Skills,83.73
SWE,GCI 4.0: 7th pillar: Product market,66.29
SWE,GCI 4.0: 8th pillar: Labor market,69.37
SWE,GCI 4.0: 9th pillar: Financial system,88.03
SWE,GCI 4.0: 10th pillar: Market size,65.37
SWE,GCI 4.0: 11th pillar: Business dynamism,79.42
SWE,GCI 4.0: 12th pillar: Innovation capability,79.1
SWZ,GCI 4.0: 1st pillar: Institutions,47.8
SWZ,GCI 4.0: 2nd pillar: Infrastructure,53.75
SWZ,GCI 4.0: 3rd pillar: ICT adoption,33.27
SWZ,GCI 4.0: 4th pillar: Macroeconomic stability,71.32
SWZ,GCI 4.0: 5th pillar: Health,35.4
SWZ,GCI 4.0: 6th pillar: Skills,52.63
SWZ,GCI 4.0: 7th pillar: Product market,50.1
SWZ,GCI 4.0: 8th pillar: Labor market,56.39
SWZ,GCI 4.0: 9th pillar: Financial system,53.81
SWZ,GCI 4.0: 10th pillar: Market size,27.51
SWZ,GCI 4.0: 11th pillar: Business dynamism,50.74
SWZ,GCI 4.0: 12th pillar: Innovation capability,24.47
SYC,GCI 4.0: 1st pillar: Institutions,61.02
SYC,GCI 4.0: 2nd pillar: Infrastructure,62.33
SYC,GCI 4.0: 3rd pillar: ICT adoption,59.41
SYC,GCI 4.0: 4th pillar: Macroeconomic stability,75.0
SYC,GCI 4.0: 5th pillar: Health,77.99
SYC,GCI 4.0: 6th pillar: Skills,71.71
SYC,GCI 4.0: 7th pillar: Product market,60.01
SYC,GCI 4.0: 8th pillar: Labor market,65.76
SYC,GCI 4.0: 9th pillar: Financial system,57.21
SYC,GCI 4.0: 10th pillar: Market size,17.12
SYC,GCI 4.0: 11th pillar: Business dynamism,61.49
SYC,GCI 4.0: 12th pillar: Innovation capability,46.15
TCD,GCI 4.0: 1st pillar: Institutions,35.42
TCD,GCI 4.0: 2nd pillar: Infrastructure,30.53
TCD,GCI 4.0: 3rd pillar: ICT adoption,10.77
TCD,GCI 4.0: 4th pillar: Macroeconomic stability,75.0
TCD,GCI 4.0: 5th pillar: Health,35.87
TCD,GCI 4.0: 6th pillar: Skills,29.04
TCD,GCI 4.0: 7th pillar: Product market,35.43
TCD,GCI 4.0: 8th pillar: Labor market,42.22
TCD,GCI 4.0: 9th pillar: Financial system,37.31
TCD,GCI 4.0: 10th pillar: Market size,37.09
TCD,GCI 4.0: 11th pillar: Business dynamism,29.67
TCD,GCI 4.0: 12th pillar: Innovation capability,22.66
THA,GCI 4.0: 1st pillar: Institutions,54.83
THA,GCI 4.0: 2nd pillar: Infrastructure,67.84
THA,GCI 4.0: 3rd pillar: ICT adoption,60.15
THA,GCI 4.0: 4th pillar: Macroeconomic stability,90.0
THA,GCI 4.0: 5th pillar: Health,88.94
THA,GCI 4.0: 6th pillar: Skills,62.32
THA,GCI 4.0: 7th pillar: Product market,53.46
THA,GCI 4.0: 8th pillar: Labor market,63.38
THA,GCI 4.0: 9th pillar: Financial system,85.07
THA,GCI 4.0: 10th pillar: Market size,75.54
THA,GCI 4.0: 11th pillar: Business dynamism,71.96
THA,GCI 4.0: 12th pillar: Innovation capability,43.88
TJK,GCI 4.0: 1st pillar: Institutions,51.68
TJK,GCI 4.0: 2nd pillar: Infrastructure,60.61
TJK,GCI 4.0: 3rd pillar: ICT adoption,31.77
TJK,GCI 4.0: 4th pillar: Macroeconomic stability,72.41
TJK,GCI 4.0: 5th pillar: Health,66.61
TJK,GCI 4.0: 6th pillar: Skills,63.16
TJK,GCI 4.0: 7th pillar: Product market,54.64
TJK,GCI 4.0: 8th pillar: Labor market,59.82
TJK,GCI 4.0: 9th pillar: Financial system,48.82
TJK,GCI 4.0: 10th pillar: Market size,36.44
TJK,GCI 4.0: 11th pillar: Business dynamism,54.81
TJK,GCI 4.0: 12th pillar: Innovation capability,27.96
TTO,GCI 4.0: 1st pillar: Institutions,47.93
TTO,GCI 4.0: 2nd pillar: Infrastructure,58.01
TTO,GCI 4.0: 3rd pillar: ICT adoption,60.44
TTO,GCI 4.0: 4th pillar: Macroeconomic stability,88.89
TTO,GCI 4.0: 5th pillar: Health,78.08
TTO,GCI 4.0: 6th pillar: Skills,61.43
TTO,GCI 4.0: 7th pillar: Product market,46.38
TTO,GCI 4.0: 8th pillar: Labor market,59.04
TTO,GCI 4.0: 9th pillar: Financial system,67.9
TTO,GCI 4.0: 10th pillar: Market size,40.54
TTO,GCI 4.0: 11th pillar: Business dynamism,56.66
TTO,GCI 4.0: 12th pillar: Innovation capability,34.36
TUN,GCI 4.0: 1st pillar: Institutions,52.97
TUN,GCI 4.0: 2nd pillar: Infrastructure,62.74
TUN,GCI 4.0: 3rd pillar: ICT adoption,50.92
TUN,GCI 4.0: 4th pillar: Macroeconomic stability,65.65
TUN,GCI 4.0: 5th pillar: Health,85.34
TUN,GCI 4.0: 6th pillar: Skills,59.6
TUN,GCI 4.0: 7th pillar: Product market,52.44
TUN,GCI 4.0: 8th pillar: Labor market,46.43
TUN,GCI 4.0: 9th pillar: Financial system,55.72
TUN,GCI 4.0: 10th pillar: Market size,53.5
TUN,GCI 4.0: 11th pillar: Business dynamism,58.97
TUN,GCI 4.0: 12th pillar: Innovation capability,32.64
TUR,GCI 4.0: 1st pillar: Institutions,53.89
TUR,GCI 4.0: 2nd pillar: Infrastructure,74.27
TUR,GCI 4.0: 3rd pillar: ICT adoption,57.82
TUR,GCI 4.0: 4th pillar: Macroeconomic stability,61.26
TUR,GCI 4.0: 5th pillar: Health,87.12
TUR,GCI 4.0: 6th pillar: Skills,60.81
TUR,GCI 4.0: 7th pillar: Product market,54.11
TUR,GCI 4.0: 8th pillar: Labor market,52.88
TUR,GCI 4.0: 9th pillar: Financial system,61.19
TUR,GCI 4.0: 10th pillar: Market size,78.97
TUR,GCI 4.0: 11th pillar: Business dynamism,58.81
TUR,GCI 4.0: 12th pillar: Innovation capability,44.51
TWN,GCI 4.0: 1st pillar: Institutions,68.63
TWN,GCI 4.0: 2nd pillar: Infrastructure,86.69
TWN,GCI 4.0: 3rd pillar: ICT adoption,82.29
TWN,GCI 4.0: 4th pillar: Macroeconomic stability,100.0
TWN,GCI 4.0: 5th pillar: Health,93.54
TWN,GCI 4.0: 6th pillar: Skills,76.22
TWN,GCI 4.0: 7th pillar: Product market,66.34
TWN,GCI 4.0: 8th pillar: Labor market,72.74
TWN,GCI 4.0: 9th pillar: Financial system,88.44
TWN,GCI 4.0: 10th pillar: Market size,74.72
TWN,GCI 4.0: 11th pillar: Business dynamism,73.06
TWN,GCI 4.0: 12th pillar: Innovation capability,80.23
TZA,GCI 4.0: 1st pillar: Institutions,48.33
TZA,GCI 4.0: 2nd pillar: Infrastructure,44.92
TZA,GCI 4.0: 3rd pillar: ICT adoption,23.74
TZA,GCI 4.0: 4th pillar: Macroeconomic stability,74.28
TZA,GCI 4.0: 5th pillar: Health,56.97
TZA,GCI 4.0: 6th pillar: Skills,40.72
TZA,GCI 4.0: 7th pillar: Product market,49.7
TZA,GCI 4.0: 8th pillar: Labor market,57.04
TZA,GCI 4.0: 9th pillar: Financial system,49.34
TZA,GCI 4.0: 10th pillar: Market size,52.22
TZA,GCI 4.0: 11th pillar: Business dynamism,53.34
TZA,GCI 4.0: 12th pillar: Innovation capability,27.69
UGA,GCI 4.0: 1st pillar: Institutions,48.03
UGA,GCI 4.0: 2nd pillar: Infrastructure,47.88
UGA,GCI 4.0: 3rd pillar: ICT adoption,29.35
UGA,GCI 4.0: 4th pillar: Macroeconomic stability,74.16
UGA,GCI 4.0: 5th pillar: Health,53.01
UGA,GCI 4.0: 6th pillar: Skills,42.26
UGA,GCI 4.0: 7th pillar: Product market,49.06
UGA,GCI 4.0: 8th pillar: Labor market,59.96
UGA,GCI 4.0: 9th pillar: Financial system,50.3
UGA,GCI 4.0: 10th pillar: Market size,47.37
UGA,GCI 4.0: 11th pillar: Business dynamism,56.35
UGA,GCI 4.0: 12th pillar: Innovation capability,29.54
UKR,GCI 4.0: 1st pillar: Institutions,47.85
UKR,GCI 4.0: 2nd pillar: Infrastructure,70.34
UKR,GCI 4.0: 3rd pillar: ICT adoption,51.85
UKR,GCI 4.0: 4th pillar: Macroeconomic stability,57.92
UKR,GCI 4.0: 5th pillar: Health,65.59
UKR,GCI 4.0: 6th pillar: Skills,69.92
UKR,GCI 4.0: 7th pillar: Product market,56.52
UKR,GCI 4.0: 8th pillar: Labor market,61.38
UKR,GCI 4.0: 9th pillar: Financial system,42.28
UKR,GCI 4.0: 10th pillar: Market size,62.99
UKR,GCI 4.0: 11th pillar: Business dynamism,57.16
UKR,GCI 4.0: 12th pillar: Innovation capability,40.11
URY,GCI 4.0: 1st pillar: Institutions,62.33
URY,GCI 4.0: 2nd pillar: Infrastructure,68.67
URY,GCI 4.0: 3rd pillar: ICT adoption,79.73
URY,GCI 4.0: 4th pillar: Macroeconomic stability,85.62
URY,GCI 4.0: 5th pillar: Health,85.01
URY,GCI 4.0: 6th pillar: Skills,66.83
URY,GCI 4.0: 7th pillar: Product market,55.16
URY,GCI 4.0: 8th pillar: Labor market,58.95
URY,GCI 4.0: 9th pillar: Financial system,58.12
URY,GCI 4.0: 10th pillar: Market size,44.74
URY,GCI 4.0: 11th pillar: Business dynamism,58.12
URY,GCI 4.0: 12th pillar: Innovation capability,38.34
USA,GCI 4.0: 1st pillar: Institutions,71.17
USA,GCI 4.0: 2nd pillar: Infrastructure,87.9
USA,GCI 4.0: 3rd pillar: ICT adoption,74.35
USA,GCI 4.0: 4th pillar: Macroeconomic stability,99.77
USA,GCI 4.0: 5th pillar: Health,83.02
USA,GCI 4.0: 6th pillar: Skills,82.47
USA,GCI 4.0: 7th pillar: Product market,68.55
USA,GCI 4.0: 8th pillar: Labor market,77.98
USA,GCI 4.0: 9th pillar: Financial system,90.99
USA,GCI 4.0: 10th pillar: Market size,99.53
USA,GCI 4.0: 11th pillar: Business dynamism,84.21
USA,GCI 4.0: 12th pillar: Innovation capability,84.15
VEN,GCI 4.0: 1st pillar: Institutions,25.72
VEN,GCI 4.0: 2nd pillar: Infrastructure,46.18
VEN,GCI 4.0: 3rd pillar: ICT adoption,46.74
VEN,GCI 4.0: 4th pillar: Macroeconomic stability,0.0
VEN,GCI 4.0: 5th pillar: Health,81.91
VEN,GCI 4.0: 6th pillar: Skills,63.7
VEN,GCI 4.0: 7th pillar: Product market,36.42
VEN,GCI 4.0: 8th pillar: Labor market,46.14
VEN,GCI 4.0: 9th pillar: Financial system,38.73
VEN,GCI 4.0: 10th pillar: Market size,56.93
VEN,GCI 4.0: 11th pillar: Business dynamism,28.59
VEN,GCI 4.0: 12th pillar: Innovation capability,30.89
VNM,GCI 4.0: 1st pillar: Institutions,49.82
VNM,GCI 4.0: 2nd pillar: Infrastructure,65.92
VNM,GCI 4.0: 3rd pillar: ICT adoption,69.03
VNM,GCI 4.0: 4th pillar: Macroeconomic stability,75.0
VNM,GCI 4.0: 5th pillar: Health,80.55
VNM,GCI 4.0: 6th pillar: Skills,56.96
VNM,GCI 4.0: 7th pillar: Product market,53.99
VNM,GCI 4.0: 8th pillar: Labor market,58.24
VNM,GCI 4.0: 9th pillar: Financial system,63.86
VNM,GCI 4.0: 10th pillar: Market size,71.84
VNM,GCI 4.0: 11th pillar: Business dynamism,56.5
VNM,GCI 4.0: 12th pillar: Innovation capability,36.8
YEM,GCI 4.0: 1st pillar: Institutions,29.02
YEM,GCI 4.0: 2nd pillar: Infrastructure,33.85
YEM,GCI 4.0: 3rd pillar: ICT adoption,17.63
YEM,GCI 4.0: 4th pillar: Macroeconomic stability,34.42
YEM,GCI 4.0: 5th pillar: Health,52.27
YEM,GCI 4.0: 6th pillar: Skills,35.62
YEM,GCI 4.0: 7th pillar: Product market,46.09
YEM,GCI 4.0: 8th pillar: Labor market,40.9
YEM,GCI 4.0: 9th pillar: Financial system,29.03
YEM,GCI 4.0: 10th pillar: Market size,44.52
YEM,GCI 4.0: 11th pillar: Business dynamism,37.38
YEM,GCI 4.0: 12th pillar: Innovation capability,25.3
ZAF,GCI 4.0: 1st pillar: Institutions,57.07
ZAF,GCI 4.0: 2nd pillar: Infrastructure,68.13
ZAF,GCI 4.0: 3rd pillar: ICT adoption,49.67
ZAF,GCI 4.0: 4th pillar: Macroeconomic stability,88.41
ZAF,GCI 4.0: 5th pillar: Health,53.29
ZAF,GCI 4.0: 6th pillar: Skills,58.06
ZAF,GCI 4.0: 7th pillar: Product market,54.81
ZAF,GCI 4.0: 8th pillar: Labor market,60.94
ZAF,GCI 4.0: 9th pillar: Financial system,83.25
ZAF,GCI 4.0: 10th pillar: Market size,68.56
ZAF,GCI 4.0: 11th pillar: Business dynamism,61.86
ZAF,GCI 4.0: 12th pillar: Innovation capability,45.17
ZMB,GCI 4.0: 1st pillar: Institutions,45.17
ZMB,GCI 4.0: 2nd pillar: Infrastructure,43.27
ZMB,GCI 4.0: 3rd pillar: ICT adoption,34.23
ZMB,GCI 4.0: 4th pillar: Macroeconomic stability,64.06
ZMB,GCI 4.0: 5th pillar: Health,47.28
ZMB,GCI 4.0: 6th pillar: Skills,47.63
ZMB,GCI 4.0: 7th pillar: Product market,48.58
ZMB,GCI 4.0: 8th pillar: Labor market,49.73
ZMB,GCI 4.0: 9th pillar: Financial system,47.84
ZMB,GCI 4.0: 10th pillar: Market size,45.37
ZMB,GCI 4.0: 11th pillar: Business dynamism,56.44
ZMB,GCI 4.0: 12th pillar: Innovation capability,28.57
ZWE,GCI 4.0: 1st pillar: Institutions,41.82
ZWE,GCI 4.0: 2nd pillar: Infrastructure,39.77
ZWE,GCI 4.0: 3rd pillar: ICT adoption,37.36
ZWE,GCI 4.0: 4th pillar: Macroeconomic stability,72.56
ZWE,GCI 4.0: 5th pillar: Health,41.1
ZWE,GCI 4.0: 6th pillar: Skills,48.83
ZWE,GCI 4.0: 7th pillar: Product market,38.27
ZWE,GCI 4.0: 8th pillar: Labor market,52.01
ZWE,GCI 4.0: 9th pillar: Financial system,47.98
ZWE,GCI 4.0: 10th pillar: Market size,38.23
ZWE,GCI 4.0: 11th pillar: Business dynamism,45.81
ZWE,GCI 4.0: 12th pillar: Innovation capability,27.17
